<?xml version='1.0' encoding='UTF-8'?>
<feed xmlns="http://www.w3.org/2005/Atom" xml:lang="en"><id>https://cheatsheetseries.owasp.org/</id><title>OWASP Cheat Sheet Series update</title><updated>2019-10-16T20:41:05+00:00</updated><author><name>Core team</name><email>dominique.righetto@owasp.org</email></author><link href="https://cheatsheetseries.owasp.org" rel="self"/><link href="https://github.com/OWASP/CheatSheetSeries" rel="alternate"/><generator uri="http://lkiesow.github.io/python-feedgen" version="0.8.0">python-feedgen</generator><icon>https://cheatsheetseries.owasp.org/gitbook/images/favicon.ico</icon><subtitle>List of the last updates on the content</subtitle><entry><id>https://github.com/OWASP/CheatSheetSeries/pull/94</id><title>Update DotNet_Security_Cheat_Sheet.md - Typo and Capitalization</title><updated>2019-05-03T16:49:54+00:00</updated><link href="https://github.com/OWASP/CheatSheetSeries/pull/94" rel="self"/><link href="https://github.com/OWASP/CheatSheetSeries/pull/94" rel="alternate"/><contributor><name>MDendura</name><uri>https://github.com/MDendura</uri></contributor><published>2019-05-03T16:49:54+00:00</published></entry><entry><id>https://github.com/OWASP/CheatSheetSeries/pull/97</id><title>Fix: Change ancor to anchor on line 349</title><updated>2019-05-05T15:08:16+00:00</updated><link href="https://github.com/OWASP/CheatSheetSeries/pull/97" rel="self"/><link href="https://github.com/OWASP/CheatSheetSeries/pull/97" rel="alternate"/><contributor><name>s111s</name><uri>https://github.com/s111s</uri></contributor><published>2019-05-05T15:08:16+00:00</published></entry><entry><id>https://github.com/OWASP/CheatSheetSeries/pull/98</id><title>Clarify that the text talks about URL protocol</title><updated>2019-05-06T05:49:52+00:00</updated><link href="https://github.com/OWASP/CheatSheetSeries/pull/98" rel="self"/><link href="https://github.com/OWASP/CheatSheetSeries/pull/98" rel="alternate"/><contributor><name>viktomas</name><uri>https://github.com/viktomas</uri></contributor><published>2019-05-06T05:49:52+00:00</published></entry><entry><id>https://github.com/OWASP/CheatSheetSeries/pull/102</id><title>Update Password_Storage_Cheat_Sheet: correct iteration_count number typo</title><updated>2019-05-10T14:55:50+00:00</updated><link href="https://github.com/OWASP/CheatSheetSeries/pull/102" rel="self"/><link href="https://github.com/OWASP/CheatSheetSeries/pull/102" rel="alternate"/><contributor><name>fabienleite</name><uri>https://github.com/fabienleite</uri></contributor><published>2019-05-10T14:55:50+00:00</published></entry><entry><id>https://github.com/OWASP/CheatSheetSeries/pull/103</id><title>XSS CS Update</title><updated>2019-05-16T07:43:10+00:00</updated><link href="https://github.com/OWASP/CheatSheetSeries/pull/103" rel="self"/><link href="https://github.com/OWASP/CheatSheetSeries/pull/103" rel="alternate"/><contributor><name>rdela</name><uri>https://github.com/rdela</uri></contributor><published>2019-05-16T07:43:10+00:00</published></entry><entry><id>https://github.com/OWASP/CheatSheetSeries/pull/104</id><title>Fix typo "punditto"</title><updated>2019-05-17T13:46:44+00:00</updated><link href="https://github.com/OWASP/CheatSheetSeries/pull/104" rel="self"/><link href="https://github.com/OWASP/CheatSheetSeries/pull/104" rel="alternate"/><contributor><name>Archieru</name><uri>https://github.com/Archieru</uri></contributor><published>2019-05-17T13:46:44+00:00</published></entry><entry><id>https://github.com/OWASP/CheatSheetSeries/pull/111</id><title>Typo fix: deamon --&gt; daemon</title><updated>2019-05-20T12:27:21+00:00</updated><link href="https://github.com/OWASP/CheatSheetSeries/pull/111" rel="self"/><link href="https://github.com/OWASP/CheatSheetSeries/pull/111" rel="alternate"/><contributor><name>tomviner</name><uri>https://github.com/tomviner</uri></contributor><published>2019-05-20T12:27:21+00:00</published></entry><entry><id>https://github.com/OWASP/CheatSheetSeries/pull/112</id><title>CSS 106 - Add Angular bypassSecurityTrust* functions to the XSS CS</title><updated>2019-05-23T09:38:01+00:00</updated><link href="https://github.com/OWASP/CheatSheetSeries/pull/112" rel="self"/><link href="https://github.com/OWASP/CheatSheetSeries/pull/112" rel="alternate"/><contributor><name>fabienleite</name><uri>https://github.com/fabienleite</uri></contributor><published>2019-05-23T09:38:01+00:00</published></entry><entry><id>https://github.com/OWASP/CheatSheetSeries/pull/113</id><title>Typo on word applications.</title><updated>2019-05-23T09:35:58+00:00</updated><link href="https://github.com/OWASP/CheatSheetSeries/pull/113" rel="self"/><link href="https://github.com/OWASP/CheatSheetSeries/pull/113" rel="alternate"/><contributor><name>cyberquixote</name><uri>https://github.com/cyberquixote</uri></contributor><published>2019-05-23T09:35:58+00:00</published></entry><entry><id>https://github.com/OWASP/CheatSheetSeries/pull/115</id><title>Add section on HTML5 Web Storage APIs</title><updated>2019-06-02T11:48:25+00:00</updated><link href="https://github.com/OWASP/CheatSheetSeries/pull/115" rel="self"/><link href="https://github.com/OWASP/CheatSheetSeries/pull/115" rel="alternate"/><contributor><name>aussieklutz</name><uri>https://github.com/aussieklutz</uri></contributor><published>2019-06-02T11:48:25+00:00</published></entry><entry><id>https://github.com/OWASP/CheatSheetSeries/pull/116</id><title>Fix typo in abuse case cheatsheet (CSS-109)</title><updated>2019-05-27T19:08:23+00:00</updated><link href="https://github.com/OWASP/CheatSheetSeries/pull/116" rel="self"/><link href="https://github.com/OWASP/CheatSheetSeries/pull/116" rel="alternate"/><contributor><name>Timo69</name><uri>https://github.com/Timo69</uri></contributor><published>2019-05-27T19:08:23+00:00</published></entry><entry><id>https://github.com/OWASP/CheatSheetSeries/pull/117</id><title>Add JavaScript guidance for AJAX calls on including CSRF tokens by default</title><updated>2019-05-31T08:39:42+00:00</updated><link href="https://github.com/OWASP/CheatSheetSeries/pull/117" rel="self"/><link href="https://github.com/OWASP/CheatSheetSeries/pull/117" rel="alternate"/><contributor><name>arunjohnkuruvilla</name><uri>https://github.com/arunjohnkuruvilla</uri></contributor><published>2019-05-31T08:39:42+00:00</published></entry><entry><id>https://github.com/OWASP/CheatSheetSeries/pull/120</id><title>Fix english and typos for threat modeling cheatsheet</title><updated>2019-06-06T06:25:22+00:00</updated><link href="https://github.com/OWASP/CheatSheetSeries/pull/120" rel="self"/><link href="https://github.com/OWASP/CheatSheetSeries/pull/120" rel="alternate"/><contributor><name>shenril</name><uri>https://github.com/shenril</uri></contributor><published>2019-06-06T06:25:22+00:00</published></entry><entry><id>https://github.com/OWASP/CheatSheetSeries/pull/121</id><title>Fix typo</title><updated>2019-06-07T06:35:47+00:00</updated><link href="https://github.com/OWASP/CheatSheetSeries/pull/121" rel="self"/><link href="https://github.com/OWASP/CheatSheetSeries/pull/121" rel="alternate"/><contributor><name>horgh</name><uri>https://github.com/horgh</uri></contributor><published>2019-06-07T06:35:47+00:00</published></entry><entry><id>https://github.com/OWASP/CheatSheetSeries/pull/122</id><title>Add missing space</title><updated>2019-06-07T06:38:16+00:00</updated><link href="https://github.com/OWASP/CheatSheetSeries/pull/122" rel="self"/><link href="https://github.com/OWASP/CheatSheetSeries/pull/122" rel="alternate"/><contributor><name>horgh</name><uri>https://github.com/horgh</uri></contributor><published>2019-06-07T06:38:16+00:00</published></entry><entry><id>https://github.com/OWASP/CheatSheetSeries/pull/123</id><title>Add a reference to the JWT BCP</title><updated>2019-06-16T08:35:14+00:00</updated><link href="https://github.com/OWASP/CheatSheetSeries/pull/123" rel="self"/><link href="https://github.com/OWASP/CheatSheetSeries/pull/123" rel="alternate"/><contributor><name>yaronf</name><uri>https://github.com/yaronf</uri></contributor><published>2019-06-16T08:35:14+00:00</published></entry><entry><id>https://github.com/OWASP/CheatSheetSeries/pull/127</id><title>Improve issue templates</title><updated>2019-06-16T08:31:49+00:00</updated><link href="https://github.com/OWASP/CheatSheetSeries/pull/127" rel="self"/><link href="https://github.com/OWASP/CheatSheetSeries/pull/127" rel="alternate"/><contributor><name>andreaslindeboom</name><uri>https://github.com/andreaslindeboom</uri></contributor><published>2019-06-16T08:31:49+00:00</published></entry><entry><id>https://github.com/OWASP/CheatSheetSeries/pull/128</id><title>Extending cheat sheet for pinning</title><updated>2019-06-16T08:07:58+00:00</updated><link href="https://github.com/OWASP/CheatSheetSeries/pull/128" rel="self"/><link href="https://github.com/OWASP/CheatSheetSeries/pull/128" rel="alternate"/><contributor><name>commjoen</name><uri>https://github.com/commjoen</uri></contributor><published>2019-06-16T08:07:58+00:00</published></entry><entry><id>https://github.com/OWASP/CheatSheetSeries/pull/129</id><title>updated `Password Length` section based on recent NIST articles</title><updated>2019-06-16T08:10:35+00:00</updated><link href="https://github.com/OWASP/CheatSheetSeries/pull/129" rel="self"/><link href="https://github.com/OWASP/CheatSheetSeries/pull/129" rel="alternate"/><contributor><name>siacomuzzi</name><uri>https://github.com/siacomuzzi</uri></contributor><published>2019-06-16T08:10:35+00:00</published></entry><entry><id>https://github.com/OWASP/CheatSheetSeries/pull/130</id><title>Added Docker Inspec + DevSec, Docker log level guideline</title><updated>2019-06-16T08:16:42+00:00</updated><link href="https://github.com/OWASP/CheatSheetSeries/pull/130" rel="self"/><link href="https://github.com/OWASP/CheatSheetSeries/pull/130" rel="alternate"/><contributor><name>Paradoxis</name><uri>https://github.com/Paradoxis</uri></contributor><published>2019-06-16T08:16:42+00:00</published></entry><entry><id>https://github.com/OWASP/CheatSheetSeries/pull/134</id><title>Add insecure PHP functions to cryptographic cheatsheet</title><updated>2019-06-20T11:57:23+00:00</updated><link href="https://github.com/OWASP/CheatSheetSeries/pull/134" rel="self"/><link href="https://github.com/OWASP/CheatSheetSeries/pull/134" rel="alternate"/><contributor><name>rbsec</name><uri>https://github.com/rbsec</uri></contributor><published>2019-06-20T11:57:23+00:00</published></entry><entry><id>https://github.com/OWASP/CheatSheetSeries/pull/135</id><title>New CS about SSRF topic (Issue 88)</title><updated>2019-06-28T15:21:32+00:00</updated><link href="https://github.com/OWASP/CheatSheetSeries/pull/135" rel="self"/><link href="https://github.com/OWASP/CheatSheetSeries/pull/135" rel="alternate"/><contributor><name>righettod</name><uri>https://github.com/righettod</uri></contributor><published>2019-06-28T15:21:32+00:00</published></entry><entry><id>https://github.com/OWASP/CheatSheetSeries/pull/137</id><title>Add warning that RFC 5321 email addresses can include XSS payloads</title><updated>2019-06-20T06:37:04+00:00</updated><link href="https://github.com/OWASP/CheatSheetSeries/pull/137" rel="self"/><link href="https://github.com/OWASP/CheatSheetSeries/pull/137" rel="alternate"/><contributor><name>rbsec</name><uri>https://github.com/rbsec</uri></contributor><published>2019-06-20T06:37:04+00:00</published></entry><entry><id>https://github.com/OWASP/CheatSheetSeries/pull/139</id><title>Error handling CS: Fixing typos</title><updated>2019-08-24T08:45:51+00:00</updated><link href="https://github.com/OWASP/CheatSheetSeries/pull/139" rel="self"/><link href="https://github.com/OWASP/CheatSheetSeries/pull/139" rel="alternate"/><contributor><name>JonnySchnittger</name><uri>https://github.com/JonnySchnittger</uri></contributor><published>2019-08-24T08:45:51+00:00</published></entry><entry><id>https://github.com/OWASP/CheatSheetSeries/pull/140</id><title>Fixing typo "refere here" -&gt; "refer here"</title><updated>2019-06-22T13:28:32+00:00</updated><link href="https://github.com/OWASP/CheatSheetSeries/pull/140" rel="self"/><link href="https://github.com/OWASP/CheatSheetSeries/pull/140" rel="alternate"/><contributor><name>LoicPoullain</name><uri>https://github.com/LoicPoullain</uri></contributor><published>2019-06-22T13:28:32+00:00</published></entry><entry><id>https://github.com/OWASP/CheatSheetSeries/pull/142</id><title>Fix AES keysize typo</title><updated>2019-06-25T04:20:09+00:00</updated><link href="https://github.com/OWASP/CheatSheetSeries/pull/142" rel="self"/><link href="https://github.com/OWASP/CheatSheetSeries/pull/142" rel="alternate"/><contributor><name>WilliamRay</name><uri>https://github.com/WilliamRay</uri></contributor><published>2019-06-25T04:20:09+00:00</published></entry><entry><id>https://github.com/OWASP/CheatSheetSeries/pull/150</id><title>CSS-147 Update SameSite in CSRF CS</title><updated>2019-07-10T14:55:49+00:00</updated><link href="https://github.com/OWASP/CheatSheetSeries/pull/150" rel="self"/><link href="https://github.com/OWASP/CheatSheetSeries/pull/150" rel="alternate"/><contributor><name>ThunderSon</name><uri>https://github.com/ThunderSon</uri></contributor><published>2019-07-10T14:55:49+00:00</published></entry><entry><id>https://github.com/OWASP/CheatSheetSeries/pull/152</id><title>Added JWT explicit revocation notes from JSON CS</title><updated>2019-07-11T05:57:14+00:00</updated><link href="https://github.com/OWASP/CheatSheetSeries/pull/152" rel="self"/><link href="https://github.com/OWASP/CheatSheetSeries/pull/152" rel="alternate"/><contributor><name>aussieklutz</name><uri>https://github.com/aussieklutz</uri></contributor><published>2019-07-11T05:57:14+00:00</published></entry><entry><id>https://github.com/OWASP/CheatSheetSeries/pull/156</id><title>Add Trivy and MicroScanner to tools</title><updated>2019-07-16T09:41:31+00:00</updated><link href="https://github.com/OWASP/CheatSheetSeries/pull/156" rel="self"/><link href="https://github.com/OWASP/CheatSheetSeries/pull/156" rel="alternate"/><contributor><name>mackowski</name><uri>https://github.com/mackowski</uri></contributor><published>2019-07-16T09:41:31+00:00</published></entry><entry><id>https://github.com/OWASP/CheatSheetSeries/pull/157</id><title>Fix SameSite introduction</title><updated>2019-07-16T15:57:49+00:00</updated><link href="https://github.com/OWASP/CheatSheetSeries/pull/157" rel="self"/><link href="https://github.com/OWASP/CheatSheetSeries/pull/157" rel="alternate"/><contributor><name>ThunderSon</name><uri>https://github.com/ThunderSon</uri></contributor><published>2019-07-16T15:57:49+00:00</published></entry><entry><id>https://github.com/OWASP/CheatSheetSeries/pull/160</id><title>CSRF update </title><updated>2019-09-14T06:41:29+00:00</updated><link href="https://github.com/OWASP/CheatSheetSeries/pull/160" rel="self"/><link href="https://github.com/OWASP/CheatSheetSeries/pull/160" rel="alternate"/><contributor><name>mackowski</name><uri>https://github.com/mackowski</uri></contributor><published>2019-09-14T06:41:29+00:00</published></entry><entry><id>https://github.com/OWASP/CheatSheetSeries/pull/165</id><title>Fix links containing parenthesis</title><updated>2019-07-27T06:50:27+00:00</updated><link href="https://github.com/OWASP/CheatSheetSeries/pull/165" rel="self"/><link href="https://github.com/OWASP/CheatSheetSeries/pull/165" rel="alternate"/><contributor><name>james-otten</name><uri>https://github.com/james-otten</uri></contributor><published>2019-07-27T06:50:27+00:00</published></entry><entry><id>https://github.com/OWASP/CheatSheetSeries/pull/166</id><title>Authentication Cheat Sheet: Authentication and Error Messages section resfresh</title><updated>2019-08-01T16:08:41+00:00</updated><link href="https://github.com/OWASP/CheatSheetSeries/pull/166" rel="self"/><link href="https://github.com/OWASP/CheatSheetSeries/pull/166" rel="alternate"/><contributor><name>righettod</name><uri>https://github.com/righettod</uri></contributor><published>2019-08-01T16:08:41+00:00</published></entry><entry><id>https://github.com/OWASP/CheatSheetSeries/pull/167</id><title>Update Password Strength Controls in Authentication_Cheat_Sheet </title><updated>2019-08-05T07:48:34+00:00</updated><link href="https://github.com/OWASP/CheatSheetSeries/pull/167" rel="self"/><link href="https://github.com/OWASP/CheatSheetSeries/pull/167" rel="alternate"/><contributor><name>mackowski</name><uri>https://github.com/mackowski</uri></contributor><published>2019-08-05T07:48:34+00:00</published></entry><entry><id>https://github.com/OWASP/CheatSheetSeries/pull/168</id><title>SAML CS - Extend signature recommendations in IdP/SP considerations</title><updated>2019-08-09T13:59:17+00:00</updated><link href="https://github.com/OWASP/CheatSheetSeries/pull/168" rel="self"/><link href="https://github.com/OWASP/CheatSheetSeries/pull/168" rel="alternate"/><contributor><name>bschach</name><uri>https://github.com/bschach</uri></contributor><published>2019-08-09T13:59:17+00:00</published></entry><entry><id>https://github.com/OWASP/CheatSheetSeries/pull/169</id><title>Move to GitHub to manage contributors</title><updated>2019-08-05T04:12:05+00:00</updated><link href="https://github.com/OWASP/CheatSheetSeries/pull/169" rel="self"/><link href="https://github.com/OWASP/CheatSheetSeries/pull/169" rel="alternate"/><contributor><name>righettod</name><uri>https://github.com/righettod</uri></contributor><published>2019-08-05T04:12:05+00:00</published></entry><entry><id>https://github.com/OWASP/CheatSheetSeries/pull/173</id><title>X-Frame-Options is response header, not a client header</title><updated>2019-08-06T14:17:23+00:00</updated><link href="https://github.com/OWASP/CheatSheetSeries/pull/173" rel="self"/><link href="https://github.com/OWASP/CheatSheetSeries/pull/173" rel="alternate"/><contributor><name>Taytay</name><uri>https://github.com/Taytay</uri></contributor><published>2019-08-06T14:17:23+00:00</published></entry><entry><id>https://github.com/OWASP/CheatSheetSeries/pull/174</id><title>Fix small typo in TLS Cipher String cheat sheet</title><updated>2019-08-06T19:59:09+00:00</updated><link href="https://github.com/OWASP/CheatSheetSeries/pull/174" rel="self"/><link href="https://github.com/OWASP/CheatSheetSeries/pull/174" rel="alternate"/><contributor><name>james-otten</name><uri>https://github.com/james-otten</uri></contributor><published>2019-08-06T19:59:09+00:00</published></entry><entry><id>https://github.com/OWASP/CheatSheetSeries/pull/175</id><title>Reference long-password DoS</title><updated>2019-08-11T08:06:54+00:00</updated><link href="https://github.com/OWASP/CheatSheetSeries/pull/175" rel="self"/><link href="https://github.com/OWASP/CheatSheetSeries/pull/175" rel="alternate"/><contributor><name>Neil-Smithline</name><uri>https://github.com/Neil-Smithline</uri></contributor><published>2019-08-11T08:06:54+00:00</published></entry><entry><id>https://github.com/OWASP/CheatSheetSeries/pull/176</id><title>PR not referencing issues</title><updated>2019-08-09T13:41:07+00:00</updated><link href="https://github.com/OWASP/CheatSheetSeries/pull/176" rel="self"/><link href="https://github.com/OWASP/CheatSheetSeries/pull/176" rel="alternate"/><contributor><name>ThunderSon</name><uri>https://github.com/ThunderSon</uri></contributor><published>2019-08-09T13:41:07+00:00</published></entry><entry><id>https://github.com/OWASP/CheatSheetSeries/pull/177</id><title>Add the contribution expiration policy</title><updated>2019-08-13T16:28:44+00:00</updated><link href="https://github.com/OWASP/CheatSheetSeries/pull/177" rel="self"/><link href="https://github.com/OWASP/CheatSheetSeries/pull/177" rel="alternate"/><contributor><name>righettod</name><uri>https://github.com/righettod</uri></contributor><published>2019-08-13T16:28:44+00:00</published></entry><entry><id>https://github.com/OWASP/CheatSheetSeries/pull/178</id><title>HTML5 - Adds section for browser autocomplete</title><updated>2019-09-14T06:18:29+00:00</updated><link href="https://github.com/OWASP/CheatSheetSeries/pull/178" rel="self"/><link href="https://github.com/OWASP/CheatSheetSeries/pull/178" rel="alternate"/><contributor><name>Benxamin</name><uri>https://github.com/Benxamin</uri></contributor><published>2019-09-14T06:18:29+00:00</published></entry><entry><id>https://github.com/OWASP/CheatSheetSeries/pull/179</id><title>docs: fix typo</title><updated>2019-08-11T14:05:13+00:00</updated><link href="https://github.com/OWASP/CheatSheetSeries/pull/179" rel="self"/><link href="https://github.com/OWASP/CheatSheetSeries/pull/179" rel="alternate"/><contributor><name>Jason-Cooke</name><uri>https://github.com/Jason-Cooke</uri></contributor><published>2019-08-11T14:05:13+00:00</published></entry><entry><id>https://github.com/OWASP/CheatSheetSeries/pull/180</id><title>JWT - Improve some of the grammar and wording</title><updated>2019-08-13T16:27:48+00:00</updated><link href="https://github.com/OWASP/CheatSheetSeries/pull/180" rel="self"/><link href="https://github.com/OWASP/CheatSheetSeries/pull/180" rel="alternate"/><contributor><name>rbsec</name><uri>https://github.com/rbsec</uri></contributor><published>2019-08-13T16:27:48+00:00</published></entry><entry><id>https://github.com/OWASP/CheatSheetSeries/pull/182</id><title>Updates on Cryptographic Storage Cheat Sheet</title><updated>2019-08-27T16:06:58+00:00</updated><link href="https://github.com/OWASP/CheatSheetSeries/pull/182" rel="self"/><link href="https://github.com/OWASP/CheatSheetSeries/pull/182" rel="alternate"/><contributor><name>guerilla7</name><uri>https://github.com/guerilla7</uri></contributor><published>2019-08-27T16:06:58+00:00</published></entry><entry><id>https://github.com/OWASP/CheatSheetSeries/pull/183</id><title>Fix typo on Key Management CS</title><updated>2019-08-24T07:19:25+00:00</updated><link href="https://github.com/OWASP/CheatSheetSeries/pull/183" rel="self"/><link href="https://github.com/OWASP/CheatSheetSeries/pull/183" rel="alternate"/><contributor><name>toshihidetagami</name><uri>https://github.com/toshihidetagami</uri></contributor><published>2019-08-24T07:19:25+00:00</published></entry><entry><id>https://github.com/OWASP/CheatSheetSeries/pull/185</id><title>Rephrase a sentece in Whitelist Input Validation</title><updated>2019-08-25T06:36:35+00:00</updated><link href="https://github.com/OWASP/CheatSheetSeries/pull/185" rel="self"/><link href="https://github.com/OWASP/CheatSheetSeries/pull/185" rel="alternate"/><contributor><name>madicd</name><uri>https://github.com/madicd</uri></contributor><published>2019-08-25T06:36:35+00:00</published></entry><entry><id>https://github.com/OWASP/CheatSheetSeries/pull/187</id><title>Minor typo and formatting improvements to authentication cheatsheet</title><updated>2019-08-27T12:58:07+00:00</updated><link href="https://github.com/OWASP/CheatSheetSeries/pull/187" rel="self"/><link href="https://github.com/OWASP/CheatSheetSeries/pull/187" rel="alternate"/><contributor><name>rbsec</name><uri>https://github.com/rbsec</uri></contributor><published>2019-08-27T12:58:07+00:00</published></entry><entry><id>https://github.com/OWASP/CheatSheetSeries/pull/188</id><title>Add discussion of using SameSite cookies to protect against Clickjacking</title><updated>2019-08-31T17:37:35+00:00</updated><link href="https://github.com/OWASP/CheatSheetSeries/pull/188" rel="self"/><link href="https://github.com/OWASP/CheatSheetSeries/pull/188" rel="alternate"/><contributor><name>rbsec</name><uri>https://github.com/rbsec</uri></contributor><published>2019-08-31T17:37:35+00:00</published></entry><entry><id>https://github.com/OWASP/CheatSheetSeries/pull/189</id><title>Fancy quotes</title><updated>2019-08-28T18:25:15+00:00</updated><link href="https://github.com/OWASP/CheatSheetSeries/pull/189" rel="self"/><link href="https://github.com/OWASP/CheatSheetSeries/pull/189" rel="alternate"/><contributor><name>rbsec</name><uri>https://github.com/rbsec</uri></contributor><published>2019-08-28T18:25:15+00:00</published></entry><entry><id>https://github.com/OWASP/CheatSheetSeries/pull/190</id><title>Refactor: RSS script</title><updated>2019-08-27T18:29:24+00:00</updated><link href="https://github.com/OWASP/CheatSheetSeries/pull/190" rel="self"/><link href="https://github.com/OWASP/CheatSheetSeries/pull/190" rel="alternate"/><contributor><name>ThunderSon</name><uri>https://github.com/ThunderSon</uri></contributor><published>2019-08-27T18:29:24+00:00</published></entry><entry><id>https://github.com/OWASP/CheatSheetSeries/pull/191</id><title>Unvalidated forwards</title><updated>2019-08-29T06:54:00+00:00</updated><link href="https://github.com/OWASP/CheatSheetSeries/pull/191" rel="self"/><link href="https://github.com/OWASP/CheatSheetSeries/pull/191" rel="alternate"/><contributor><name>rbsec</name><uri>https://github.com/rbsec</uri></contributor><published>2019-08-29T06:54:00+00:00</published></entry><entry><id>https://github.com/OWASP/CheatSheetSeries/pull/194</id><title>Credential stuffing</title><updated>2019-09-01T06:01:04+00:00</updated><link href="https://github.com/OWASP/CheatSheetSeries/pull/194" rel="self"/><link href="https://github.com/OWASP/CheatSheetSeries/pull/194" rel="alternate"/><contributor><name>rbsec</name><uri>https://github.com/rbsec</uri></contributor><published>2019-09-01T06:01:04+00:00</published></entry><entry><id>https://github.com/OWASP/CheatSheetSeries/pull/196</id><title>Styling updates to Threat Modeling Cheat Sheet</title><updated>2019-09-14T06:23:20+00:00</updated><link href="https://github.com/OWASP/CheatSheetSeries/pull/196" rel="self"/><link href="https://github.com/OWASP/CheatSheetSeries/pull/196" rel="alternate"/><contributor><name>pikeje</name><uri>https://github.com/pikeje</uri></contributor><published>2019-09-14T06:23:20+00:00</published></entry><entry><id>https://github.com/OWASP/CheatSheetSeries/pull/197</id><title>Update  DOS Cheat Sheet</title><updated>2019-08-31T13:01:59+00:00</updated><link href="https://github.com/OWASP/CheatSheetSeries/pull/197" rel="self"/><link href="https://github.com/OWASP/CheatSheetSeries/pull/197" rel="alternate"/><contributor><name>antoniovassell</name><uri>https://github.com/antoniovassell</uri></contributor><published>2019-08-31T13:01:59+00:00</published></entry><entry><id>https://github.com/OWASP/CheatSheetSeries/pull/199</id><title>Setup the generation of the RSS feed into the CI/CD pipeline</title><updated>2019-09-01T07:47:38+00:00</updated><link href="https://github.com/OWASP/CheatSheetSeries/pull/199" rel="self"/><link href="https://github.com/OWASP/CheatSheetSeries/pull/199" rel="alternate"/><contributor><name>righettod</name><uri>https://github.com/righettod</uri></contributor><published>2019-09-01T07:47:38+00:00</published></entry><entry><id>https://github.com/OWASP/CheatSheetSeries/pull/202</id><title>Transport Layer Protection Rewrite</title><updated>2019-09-14T06:26:41+00:00</updated><link href="https://github.com/OWASP/CheatSheetSeries/pull/202" rel="self"/><link href="https://github.com/OWASP/CheatSheetSeries/pull/202" rel="alternate"/><contributor><name>rbsec</name><uri>https://github.com/rbsec</uri></contributor><published>2019-09-14T06:26:41+00:00</published></entry><entry><id>https://github.com/OWASP/CheatSheetSeries/pull/203</id><title>Fix issues in Double submit cookie</title><updated>2019-09-14T06:29:37+00:00</updated><link href="https://github.com/OWASP/CheatSheetSeries/pull/203" rel="self"/><link href="https://github.com/OWASP/CheatSheetSeries/pull/203" rel="alternate"/><contributor><name>manideepkonakandla</name><uri>https://github.com/manideepkonakandla</uri></contributor><published>2019-09-14T06:29:37+00:00</published></entry><entry><id>https://github.com/OWASP/CheatSheetSeries/pull/205</id><title>Clarify that SHA512/etc should be used with bcrypt, not instead of it.</title><updated>2019-09-14T06:45:04+00:00</updated><link href="https://github.com/OWASP/CheatSheetSeries/pull/205" rel="self"/><link href="https://github.com/OWASP/CheatSheetSeries/pull/205" rel="alternate"/><contributor><name>rbsec</name><uri>https://github.com/rbsec</uri></contributor><published>2019-09-14T06:45:04+00:00</published></entry><entry><id>https://github.com/OWASP/CheatSheetSeries/pull/206</id><title>Fix typos/grammar in Authentication cheat sheet</title><updated>2019-09-14T06:43:42+00:00</updated><link href="https://github.com/OWASP/CheatSheetSeries/pull/206" rel="self"/><link href="https://github.com/OWASP/CheatSheetSeries/pull/206" rel="alternate"/><contributor><name>ashokdelphia</name><uri>https://github.com/ashokdelphia</uri></contributor><published>2019-09-14T06:43:42+00:00</published></entry><entry><id>https://github.com/OWASP/CheatSheetSeries/pull/208</id><title>Add warning about enterprise proxies with certificate auth to Authentication CS</title><updated>2019-09-14T09:50:52+00:00</updated><link href="https://github.com/OWASP/CheatSheetSeries/pull/208" rel="self"/><link href="https://github.com/OWASP/CheatSheetSeries/pull/208" rel="alternate"/><contributor><name>rbsec</name><uri>https://github.com/rbsec</uri></contributor><published>2019-09-14T09:50:52+00:00</published></entry><entry><id>https://github.com/OWASP/CheatSheetSeries/pull/209</id><title>Auth CS: improve brute-force protection section</title><updated>2019-09-23T06:19:23+00:00</updated><link href="https://github.com/OWASP/CheatSheetSeries/pull/209" rel="self"/><link href="https://github.com/OWASP/CheatSheetSeries/pull/209" rel="alternate"/><contributor><name>rbsec</name><uri>https://github.com/rbsec</uri></contributor><published>2019-09-23T06:19:23+00:00</published></entry><entry><id>https://github.com/OWASP/CheatSheetSeries/pull/210</id><title>Remove unused square bracket</title><updated>2019-09-20T06:26:36+00:00</updated><link href="https://github.com/OWASP/CheatSheetSeries/pull/210" rel="self"/><link href="https://github.com/OWASP/CheatSheetSeries/pull/210" rel="alternate"/><contributor><name>coffeemakr</name><uri>https://github.com/coffeemakr</uri></contributor><published>2019-09-20T06:26:36+00:00</published></entry><entry><id>https://github.com/OWASP/CheatSheetSeries/pull/211</id><title>Add note on Unmarshaller instances being safe by default on OpenJDK 8+</title><updated>2019-09-23T13:01:50+00:00</updated><link href="https://github.com/OWASP/CheatSheetSeries/pull/211" rel="self"/><link href="https://github.com/OWASP/CheatSheetSeries/pull/211" rel="alternate"/><contributor><name>Jurrie</name><uri>https://github.com/Jurrie</uri></contributor><published>2019-09-23T13:01:50+00:00</published></entry><entry><id>https://github.com/OWASP/CheatSheetSeries/pull/214</id><title>Delete space</title><updated>2019-09-20T06:25:08+00:00</updated><link href="https://github.com/OWASP/CheatSheetSeries/pull/214" rel="self"/><link href="https://github.com/OWASP/CheatSheetSeries/pull/214" rel="alternate"/><published>2019-09-20T06:25:08+00:00</published></entry><entry><id>https://github.com/OWASP/CheatSheetSeries/pull/216</id><title>Update ldap section</title><updated>2019-09-22T16:20:16+00:00</updated><link href="https://github.com/OWASP/CheatSheetSeries/pull/216" rel="self"/><link href="https://github.com/OWASP/CheatSheetSeries/pull/216" rel="alternate"/><contributor><name>Ahmedfathyarafa</name><uri>https://github.com/Ahmedfathyarafa</uri></contributor><published>2019-09-22T16:20:16+00:00</published></entry><entry><id>https://github.com/OWASP/CheatSheetSeries/pull/217</id><title>Update Clickjacking_Defense_Cheat_Sheet.md</title><updated>2019-10-01T05:58:15+00:00</updated><link href="https://github.com/OWASP/CheatSheetSeries/pull/217" rel="self"/><link href="https://github.com/OWASP/CheatSheetSeries/pull/217" rel="alternate"/><published>2019-10-01T05:58:15+00:00</published></entry><entry><id>https://github.com/OWASP/CheatSheetSeries/pull/218</id><title>Improve wording for Authentication_Cheat_Sheet.md</title><updated>2019-09-23T16:41:26+00:00</updated><link href="https://github.com/OWASP/CheatSheetSeries/pull/218" rel="self"/><link href="https://github.com/OWASP/CheatSheetSeries/pull/218" rel="alternate"/><contributor><name>DJN1</name><uri>https://github.com/DJN1</uri></contributor><published>2019-09-23T16:41:26+00:00</published></entry><entry><id>https://github.com/OWASP/CheatSheetSeries/pull/226</id><title>Update browser support and fix a broken link</title><updated>2019-10-01T16:51:45+00:00</updated><link href="https://github.com/OWASP/CheatSheetSeries/pull/226" rel="self"/><link href="https://github.com/OWASP/CheatSheetSeries/pull/226" rel="alternate"/><contributor><name>rbsec</name><uri>https://github.com/rbsec</uri></contributor><published>2019-10-01T16:51:45+00:00</published></entry><entry><id>https://github.com/OWASP/CheatSheetSeries/pull/227</id><title>Remove unsupported project and incomplete sections</title><updated>2019-10-01T05:00:48+00:00</updated><link href="https://github.com/OWASP/CheatSheetSeries/pull/227" rel="self"/><link href="https://github.com/OWASP/CheatSheetSeries/pull/227" rel="alternate"/><contributor><name>rbsec</name><uri>https://github.com/rbsec</uri></contributor><published>2019-10-01T05:00:48+00:00</published></entry><entry><id>https://github.com/OWASP/CheatSheetSeries/pull/228</id><title>Update new cheatsheet template. Fixes #222</title><updated>2019-10-02T04:09:37+00:00</updated><link href="https://github.com/OWASP/CheatSheetSeries/pull/228" rel="self"/><link href="https://github.com/OWASP/CheatSheetSeries/pull/228" rel="alternate"/><contributor><name>rbsec</name><uri>https://github.com/rbsec</uri></contributor><published>2019-10-02T04:09:37+00:00</published></entry><entry><id>https://github.com/OWASP/CheatSheetSeries/pull/230</id><title>Update "Attack Surface Metric" link</title><updated>2019-09-30T10:53:50+00:00</updated><link href="https://github.com/OWASP/CheatSheetSeries/pull/230" rel="self"/><link href="https://github.com/OWASP/CheatSheetSeries/pull/230" rel="alternate"/><contributor><name>bradleyjkemp</name><uri>https://github.com/bradleyjkemp</uri></contributor><published>2019-09-30T10:53:50+00:00</published></entry><entry><id>https://github.com/OWASP/CheatSheetSeries/pull/233</id><title>Update to "Avoid CSP" section of the CSP template. Fixes #93</title><updated>2019-10-02T10:22:46+00:00</updated><link href="https://github.com/OWASP/CheatSheetSeries/pull/233" rel="self"/><link href="https://github.com/OWASP/CheatSheetSeries/pull/233" rel="alternate"/><contributor><name>rbsec</name><uri>https://github.com/rbsec</uri></contributor><published>2019-10-02T10:22:46+00:00</published></entry><entry><id>https://github.com/OWASP/CheatSheetSeries/pull/235</id><title>Wording improvements to the TLS section of the session management CS</title><updated>2019-10-03T08:12:10+00:00</updated><link href="https://github.com/OWASP/CheatSheetSeries/pull/235" rel="self"/><link href="https://github.com/OWASP/CheatSheetSeries/pull/235" rel="alternate"/><contributor><name>rbsec</name><uri>https://github.com/rbsec</uri></contributor><published>2019-10-03T08:12:10+00:00</published></entry><entry><id>https://github.com/OWASP/CheatSheetSeries/pull/240</id><title>Fixed spelling and grammatical mistakes</title><updated>2019-10-04T06:04:04+00:00</updated><link href="https://github.com/OWASP/CheatSheetSeries/pull/240" rel="self"/><link href="https://github.com/OWASP/CheatSheetSeries/pull/240" rel="alternate"/><contributor><name>sheerazali19</name><uri>https://github.com/sheerazali19</uri></contributor><published>2019-10-04T06:04:04+00:00</published></entry><entry><id>https://github.com/OWASP/CheatSheetSeries/pull/241</id><title>Access Control CS Grammar Improvements</title><updated>2019-10-08T07:43:20+00:00</updated><link href="https://github.com/OWASP/CheatSheetSeries/pull/241" rel="self"/><link href="https://github.com/OWASP/CheatSheetSeries/pull/241" rel="alternate"/><contributor><name>sheerazali19</name><uri>https://github.com/sheerazali19</uri></contributor><published>2019-10-08T07:43:20+00:00</published></entry><entry><id>https://github.com/OWASP/CheatSheetSeries/pull/246</id><title>Fix spelling mistake in README.md</title><updated>2019-10-06T16:22:02+00:00</updated><link href="https://github.com/OWASP/CheatSheetSeries/pull/246" rel="self"/><link href="https://github.com/OWASP/CheatSheetSeries/pull/246" rel="alternate"/><contributor><name>jimmy1134</name><uri>https://github.com/jimmy1134</uri></contributor><published>2019-10-06T16:22:02+00:00</published></entry><entry><id>https://github.com/OWASP/CheatSheetSeries/pull/249</id><title>Grammar fixes on readme.md file</title><updated>2019-10-06T16:30:48+00:00</updated><link href="https://github.com/OWASP/CheatSheetSeries/pull/249" rel="self"/><link href="https://github.com/OWASP/CheatSheetSeries/pull/249" rel="alternate"/><contributor><name>ybaruchel</name><uri>https://github.com/ybaruchel</uri></contributor><published>2019-10-06T16:30:48+00:00</published></entry><entry><id>https://github.com/OWASP/CheatSheetSeries/pull/251</id><title>Fixed and updated typos in README.md</title><updated>2019-10-08T04:50:04+00:00</updated><link href="https://github.com/OWASP/CheatSheetSeries/pull/251" rel="self"/><link href="https://github.com/OWASP/CheatSheetSeries/pull/251" rel="alternate"/><published>2019-10-08T04:50:04+00:00</published></entry><entry><id>https://github.com/OWASP/CheatSheetSeries/pull/253</id><title>Update README.md</title><updated>2019-10-09T12:07:34+00:00</updated><link href="https://github.com/OWASP/CheatSheetSeries/pull/253" rel="self"/><link href="https://github.com/OWASP/CheatSheetSeries/pull/253" rel="alternate"/><contributor><name>kailwallin</name><uri>https://github.com/kailwallin</uri></contributor><published>2019-10-09T12:07:34+00:00</published></entry><entry><id>https://github.com/OWASP/CheatSheetSeries/pull/256</id><title>Minor grammar fix.</title><updated>2019-10-11T21:02:18+00:00</updated><link href="https://github.com/OWASP/CheatSheetSeries/pull/256" rel="self"/><link href="https://github.com/OWASP/CheatSheetSeries/pull/256" rel="alternate"/><published>2019-10-11T21:02:18+00:00</published></entry><entry><id>https://github.com/OWASP/CheatSheetSeries/pull/263</id><title>Spelling</title><updated>2019-10-16T17:01:41+00:00</updated><link href="https://github.com/OWASP/CheatSheetSeries/pull/263" rel="self"/><link href="https://github.com/OWASP/CheatSheetSeries/pull/263" rel="alternate"/><contributor><name>jsoref</name><uri>https://github.com/jsoref</uri></contributor><published>2019-10-16T17:01:41+00:00</published></entry><entry><id>https://github.com/OWASP/CheatSheetSeries/pull/264</id><title>Grammar</title><updated>2019-10-15T11:22:52+00:00</updated><link href="https://github.com/OWASP/CheatSheetSeries/pull/264" rel="self"/><link href="https://github.com/OWASP/CheatSheetSeries/pull/264" rel="alternate"/><published>2019-10-15T11:22:52+00:00</published></entry><entry><id>https://github.com/OWASP/CheatSheetSeries/pull/268</id><title>general copy-editing</title><updated>2019-10-16T20:40:10+00:00</updated><link href="https://github.com/OWASP/CheatSheetSeries/pull/268" rel="self"/><link href="https://github.com/OWASP/CheatSheetSeries/pull/268" rel="alternate"/><contributor><name>eudaimonious</name><uri>https://github.com/eudaimonious</uri></contributor><published>2019-10-16T20:40:10+00:00</published></entry></feed>