<?xml version='1.0' encoding='UTF-8'?>
<feed xmlns="http://www.w3.org/2005/Atom" xml:lang="en"><id>https://cheatsheetseries.owasp.org/</id><title>OWASP Cheat Sheet Series update</title><updated>2024-01-10T07:47:03+00:00</updated><author><name>Core team</name><email>dominique.righetto@owasp.org</email></author><link href="https://cheatsheetseries.owasp.org" rel="self"/><link href="https://github.com/OWASP/CheatSheetSeries" rel="alternate"/><generator uri="https://lkiesow.github.io/python-feedgen" version="0.9.0">python-feedgen</generator><icon>https://cheatsheetseries.owasp.org/gitbook/images/favicon.ico</icon><subtitle>List of the last updates on the content</subtitle><entry><id>https://github.com/OWASP/CheatSheetSeries/pull/1106</id><title>Add Rust Query Parameterization recommendations</title><updated>2023-03-22T16:54:56+00:00</updated><link href="https://github.com/OWASP/CheatSheetSeries/pull/1106" rel="self"/><link href="https://github.com/OWASP/CheatSheetSeries/pull/1106" rel="alternate"/><published>2023-03-22T16:54:56+00:00</published></entry><entry><id>https://github.com/OWASP/CheatSheetSeries/pull/1107</id><title>Update XML_External_Entity_Prevention_Cheat_Sheet.md</title><updated>2023-03-24T20:12:49+00:00</updated><link href="https://github.com/OWASP/CheatSheetSeries/pull/1107" rel="self"/><link href="https://github.com/OWASP/CheatSheetSeries/pull/1107" rel="alternate"/><published>2023-03-24T20:12:49+00:00</published></entry><entry><id>https://github.com/OWASP/CheatSheetSeries/pull/1108</id><title>Remove link to leapgraph that redirects to gambling website</title><updated>2023-03-29T18:58:34+00:00</updated><link href="https://github.com/OWASP/CheatSheetSeries/pull/1108" rel="self"/><link href="https://github.com/OWASP/CheatSheetSeries/pull/1108" rel="alternate"/><published>2023-03-29T18:58:34+00:00</published></entry><entry><id>https://github.com/OWASP/CheatSheetSeries/pull/1113</id><title>Fix CSRF reference link</title><updated>2023-04-05T15:56:52+00:00</updated><link href="https://github.com/OWASP/CheatSheetSeries/pull/1113" rel="self"/><link href="https://github.com/OWASP/CheatSheetSeries/pull/1113" rel="alternate"/><published>2023-04-05T15:56:52+00:00</published></entry><entry><id>https://github.com/OWASP/CheatSheetSeries/pull/1115</id><title>REST Security Cheat Sheet - Removed Deprecated Feature-Policy and added Permissions-Policy </title><updated>2023-04-22T01:27:20+00:00</updated><link href="https://github.com/OWASP/CheatSheetSeries/pull/1115" rel="self"/><link href="https://github.com/OWASP/CheatSheetSeries/pull/1115" rel="alternate"/><published>2023-04-22T01:27:20+00:00</published></entry><entry><id>https://github.com/OWASP/CheatSheetSeries/pull/1116</id><title>Update Password_Storage_Cheat_Sheet.md</title><updated>2023-04-13T20:09:04+00:00</updated><link href="https://github.com/OWASP/CheatSheetSeries/pull/1116" rel="self"/><link href="https://github.com/OWASP/CheatSheetSeries/pull/1116" rel="alternate"/><published>2023-04-13T20:09:04+00:00</published></entry><entry><id>https://github.com/OWASP/CheatSheetSeries/pull/1117</id><title>Improved JAXB Example</title><updated>2023-05-31T19:49:20+00:00</updated><link href="https://github.com/OWASP/CheatSheetSeries/pull/1117" rel="self"/><link href="https://github.com/OWASP/CheatSheetSeries/pull/1117" rel="alternate"/><published>2023-05-31T19:49:20+00:00</published></entry><entry><id>https://github.com/OWASP/CheatSheetSeries/pull/1120</id><title>Update Input_Validation_Cheat_Sheet.md Fixed a stray any</title><updated>2023-04-17T13:25:15+00:00</updated><link href="https://github.com/OWASP/CheatSheetSeries/pull/1120" rel="self"/><link href="https://github.com/OWASP/CheatSheetSeries/pull/1120" rel="alternate"/><published>2023-04-17T13:25:15+00:00</published></entry><entry><id>https://github.com/OWASP/CheatSheetSeries/pull/1122</id><title>document custom request headers as a standalone CSRF protection</title><updated>2023-05-23T08:18:27+00:00</updated><link href="https://github.com/OWASP/CheatSheetSeries/pull/1122" rel="self"/><link href="https://github.com/OWASP/CheatSheetSeries/pull/1122" rel="alternate"/><published>2023-05-23T08:18:27+00:00</published></entry><entry><id>https://github.com/OWASP/CheatSheetSeries/pull/1125</id><title>Commit for issue #1124</title><updated>2023-04-28T10:31:25+00:00</updated><link href="https://github.com/OWASP/CheatSheetSeries/pull/1125" rel="self"/><link href="https://github.com/OWASP/CheatSheetSeries/pull/1125" rel="alternate"/><published>2023-04-28T10:31:25+00:00</published></entry><entry><id>https://github.com/OWASP/CheatSheetSeries/pull/1126</id><title>Clarify that ProcessStartInfo.ArgumentList is not safe with untrusted data</title><updated>2023-05-02T13:28:21+00:00</updated><link href="https://github.com/OWASP/CheatSheetSeries/pull/1126" rel="self"/><link href="https://github.com/OWASP/CheatSheetSeries/pull/1126" rel="alternate"/><published>2023-05-02T13:28:21+00:00</published></entry><entry><id>https://github.com/OWASP/CheatSheetSeries/pull/1130</id><title>remove SeaSponge from Threat Modeling Cheat Sheet</title><updated>2023-05-10T13:35:09+00:00</updated><link href="https://github.com/OWASP/CheatSheetSeries/pull/1130" rel="self"/><link href="https://github.com/OWASP/CheatSheetSeries/pull/1130" rel="alternate"/><published>2023-05-10T13:35:09+00:00</published></entry><entry><id>https://github.com/OWASP/CheatSheetSeries/pull/1131</id><title>HTTP_Headers_Cheat_Sheet: Add missing comma in Permissions-Policy</title><updated>2023-05-10T13:35:27+00:00</updated><link href="https://github.com/OWASP/CheatSheetSeries/pull/1131" rel="self"/><link href="https://github.com/OWASP/CheatSheetSeries/pull/1131" rel="alternate"/><published>2023-05-10T13:35:27+00:00</published></entry><entry><id>https://github.com/OWASP/CheatSheetSeries/pull/1134</id><title>Added pytm to tools and CTM to threat libraries list</title><updated>2023-05-18T16:34:32+00:00</updated><link href="https://github.com/OWASP/CheatSheetSeries/pull/1134" rel="self"/><link href="https://github.com/OWASP/CheatSheetSeries/pull/1134" rel="alternate"/><published>2023-05-18T16:34:32+00:00</published></entry><entry><id>https://github.com/OWASP/CheatSheetSeries/pull/1136</id><title>Fix typo in CSRF Prevention cheat sheet</title><updated>2023-05-23T18:07:43+00:00</updated><link href="https://github.com/OWASP/CheatSheetSeries/pull/1136" rel="self"/><link href="https://github.com/OWASP/CheatSheetSeries/pull/1136" rel="alternate"/><published>2023-05-23T18:07:43+00:00</published></entry><entry><id>https://github.com/OWASP/CheatSheetSeries/pull/1137</id><title>I checked to see if there are any other broken links on the page but this onre was quiet annoying when reading the post.</title><updated>2023-05-30T12:28:13+00:00</updated><link href="https://github.com/OWASP/CheatSheetSeries/pull/1137" rel="self"/><link href="https://github.com/OWASP/CheatSheetSeries/pull/1137" rel="alternate"/><published>2023-05-30T12:28:13+00:00</published></entry><entry><id>https://github.com/OWASP/CheatSheetSeries/pull/1138</id><title>Adding some sample encryption code to the DotNet cheatsheet</title><updated>2023-06-13T12:14:59+00:00</updated><link href="https://github.com/OWASP/CheatSheetSeries/pull/1138" rel="self"/><link href="https://github.com/OWASP/CheatSheetSeries/pull/1138" rel="alternate"/><published>2023-06-13T12:14:59+00:00</published></entry><entry><id>https://github.com/OWASP/CheatSheetSeries/pull/1139</id><title>Reintroduce an overview of Double Submit Cookie with HMAC</title><updated>2023-05-31T19:01:15+00:00</updated><link href="https://github.com/OWASP/CheatSheetSeries/pull/1139" rel="self"/><link href="https://github.com/OWASP/CheatSheetSeries/pull/1139" rel="alternate"/><published>2023-05-31T19:01:15+00:00</published></entry><entry><id>https://github.com/OWASP/CheatSheetSeries/pull/1142</id><title>Lint fix</title><updated>2023-05-31T19:17:59+00:00</updated><link href="https://github.com/OWASP/CheatSheetSeries/pull/1142" rel="self"/><link href="https://github.com/OWASP/CheatSheetSeries/pull/1142" rel="alternate"/><published>2023-05-31T19:17:59+00:00</published></entry><entry><id>https://github.com/OWASP/CheatSheetSeries/pull/1144</id><title>Typo in pseudocode</title><updated>2023-06-08T13:28:08+00:00</updated><link href="https://github.com/OWASP/CheatSheetSeries/pull/1144" rel="self"/><link href="https://github.com/OWASP/CheatSheetSeries/pull/1144" rel="alternate"/><published>2023-06-08T13:28:08+00:00</published></entry><entry><id>https://github.com/OWASP/CheatSheetSeries/pull/1146</id><title>Creating dedicated Java Security Cheat Sheet</title><updated>2023-06-30T17:02:01+00:00</updated><link href="https://github.com/OWASP/CheatSheetSeries/pull/1146" rel="self"/><link href="https://github.com/OWASP/CheatSheetSeries/pull/1146" rel="alternate"/><published>2023-06-30T17:02:01+00:00</published></entry><entry><id>https://github.com/OWASP/CheatSheetSeries/pull/1150</id><title>Fix issue with nonce reuse</title><updated>2023-06-22T12:58:29+00:00</updated><link href="https://github.com/OWASP/CheatSheetSeries/pull/1150" rel="self"/><link href="https://github.com/OWASP/CheatSheetSeries/pull/1150" rel="alternate"/><published>2023-06-22T12:58:29+00:00</published></entry><entry><id>https://github.com/OWASP/CheatSheetSeries/pull/1151</id><title>Fix typo on CSRF cheat sheet</title><updated>2023-06-22T19:10:00+00:00</updated><link href="https://github.com/OWASP/CheatSheetSeries/pull/1151" rel="self"/><link href="https://github.com/OWASP/CheatSheetSeries/pull/1151" rel="alternate"/><published>2023-06-22T19:10:00+00:00</published></entry><entry><id>https://github.com/OWASP/CheatSheetSeries/pull/1152</id><title>Secure Cloud Architecture cheat sheet</title><updated>2023-07-07T21:31:57+00:00</updated><link href="https://github.com/OWASP/CheatSheetSeries/pull/1152" rel="self"/><link href="https://github.com/OWASP/CheatSheetSeries/pull/1152" rel="alternate"/><published>2023-07-07T21:31:57+00:00</published></entry><entry><id>https://github.com/OWASP/CheatSheetSeries/pull/1154</id><title>Removed Encrypted CSRF Cookie</title><updated>2023-06-25T17:42:13+00:00</updated><link href="https://github.com/OWASP/CheatSheetSeries/pull/1154" rel="self"/><link href="https://github.com/OWASP/CheatSheetSeries/pull/1154" rel="alternate"/><published>2023-06-25T17:42:13+00:00</published></entry><entry><id>https://github.com/OWASP/CheatSheetSeries/pull/1156</id><title>Update markdown lint to allow collapsible sections</title><updated>2023-06-25T17:41:46+00:00</updated><link href="https://github.com/OWASP/CheatSheetSeries/pull/1156" rel="self"/><link href="https://github.com/OWASP/CheatSheetSeries/pull/1156" rel="alternate"/><published>2023-06-25T17:41:46+00:00</published></entry><entry><id>https://github.com/OWASP/CheatSheetSeries/pull/1157</id><title>Initial start for prototype pollution prevention cheatsheet</title><updated>2023-06-30T17:02:33+00:00</updated><link href="https://github.com/OWASP/CheatSheetSeries/pull/1157" rel="self"/><link href="https://github.com/OWASP/CheatSheetSeries/pull/1157" rel="alternate"/><published>2023-06-30T17:02:33+00:00</published></entry><entry><id>https://github.com/OWASP/CheatSheetSeries/pull/1158</id><title>Fix linting config</title><updated>2023-06-26T18:01:59+00:00</updated><link href="https://github.com/OWASP/CheatSheetSeries/pull/1158" rel="self"/><link href="https://github.com/OWASP/CheatSheetSeries/pull/1158" rel="alternate"/><published>2023-06-26T18:01:59+00:00</published></entry><entry><id>https://github.com/OWASP/CheatSheetSeries/pull/1159</id><title>Add some pitfalls to the dotnet crypto code</title><updated>2023-06-30T17:02:51+00:00</updated><link href="https://github.com/OWASP/CheatSheetSeries/pull/1159" rel="self"/><link href="https://github.com/OWASP/CheatSheetSeries/pull/1159" rel="alternate"/><published>2023-06-30T17:02:51+00:00</published></entry><entry><id>https://github.com/OWASP/CheatSheetSeries/pull/1160</id><title>Minor modifications to Java cheatsheet</title><updated>2023-07-05T13:22:57+00:00</updated><link href="https://github.com/OWASP/CheatSheetSeries/pull/1160" rel="self"/><link href="https://github.com/OWASP/CheatSheetSeries/pull/1160" rel="alternate"/><published>2023-07-05T13:22:57+00:00</published></entry><entry><id>https://github.com/OWASP/CheatSheetSeries/pull/1161</id><title>Fix points which @szh raised in #1157</title><updated>2023-07-05T12:04:15+00:00</updated><link href="https://github.com/OWASP/CheatSheetSeries/pull/1161" rel="self"/><link href="https://github.com/OWASP/CheatSheetSeries/pull/1161" rel="alternate"/><published>2023-07-05T12:04:15+00:00</published></entry><entry><id>https://github.com/OWASP/CheatSheetSeries/pull/1162</id><title>Fix collapsible labels</title><updated>2023-07-05T13:27:48+00:00</updated><link href="https://github.com/OWASP/CheatSheetSeries/pull/1162" rel="self"/><link href="https://github.com/OWASP/CheatSheetSeries/pull/1162" rel="alternate"/><published>2023-07-05T13:27:48+00:00</published></entry><entry><id>https://github.com/OWASP/CheatSheetSeries/pull/1163</id><title>Update Ruby_on_Rails_Cheat_Sheet.md</title><updated>2023-07-06T13:16:08+00:00</updated><link href="https://github.com/OWASP/CheatSheetSeries/pull/1163" rel="self"/><link href="https://github.com/OWASP/CheatSheetSeries/pull/1163" rel="alternate"/><published>2023-07-06T13:16:08+00:00</published></entry><entry><id>https://github.com/OWASP/CheatSheetSeries/pull/1164</id><title>Replaced dead link in the Key Management Cheat Sheet</title><updated>2023-07-06T13:49:51+00:00</updated><link href="https://github.com/OWASP/CheatSheetSeries/pull/1164" rel="self"/><link href="https://github.com/OWASP/CheatSheetSeries/pull/1164" rel="alternate"/><published>2023-07-06T13:49:51+00:00</published></entry><entry><id>https://github.com/OWASP/CheatSheetSeries/pull/1166</id><title>Bug - Incorrect markdown link in Cloud Arch Sheet </title><updated>2023-07-10T13:30:45+00:00</updated><link href="https://github.com/OWASP/CheatSheetSeries/pull/1166" rel="self"/><link href="https://github.com/OWASP/CheatSheetSeries/pull/1166" rel="alternate"/><published>2023-07-10T13:30:45+00:00</published></entry><entry><id>https://github.com/OWASP/CheatSheetSeries/pull/1167</id><title>Update HTTP_Headers_Cheat_Sheet.md</title><updated>2023-07-10T16:06:58+00:00</updated><link href="https://github.com/OWASP/CheatSheetSeries/pull/1167" rel="self"/><link href="https://github.com/OWASP/CheatSheetSeries/pull/1167" rel="alternate"/><published>2023-07-10T16:06:58+00:00</published></entry><entry><id>https://github.com/OWASP/CheatSheetSeries/pull/1170</id><title>Add reference to Secrets Management CS in Key Storage CS</title><updated>2023-07-12T20:46:32+00:00</updated><link href="https://github.com/OWASP/CheatSheetSeries/pull/1170" rel="self"/><link href="https://github.com/OWASP/CheatSheetSeries/pull/1170" rel="alternate"/><published>2023-07-12T20:46:32+00:00</published></entry><entry><id>https://github.com/OWASP/CheatSheetSeries/pull/1171</id><title>.NET Cheat Sheet spruce up</title><updated>2023-08-30T02:42:52+00:00</updated><link href="https://github.com/OWASP/CheatSheetSeries/pull/1171" rel="self"/><link href="https://github.com/OWASP/CheatSheetSeries/pull/1171" rel="alternate"/><contributor><name>szh</name><uri>https://github.com/szh</uri></contributor><published>2023-08-30T02:42:52+00:00</published></entry><entry><id>https://github.com/OWASP/CheatSheetSeries/pull/1174</id><title>Change entropy security claim</title><updated>2023-07-25T19:28:07+00:00</updated><link href="https://github.com/OWASP/CheatSheetSeries/pull/1174" rel="self"/><link href="https://github.com/OWASP/CheatSheetSeries/pull/1174" rel="alternate"/><published>2023-07-25T19:28:07+00:00</published></entry><entry><id>https://github.com/OWASP/CheatSheetSeries/pull/1177</id><title>Rewrite IDOR cheat sheet</title><updated>2023-07-31T20:05:43+00:00</updated><link href="https://github.com/OWASP/CheatSheetSeries/pull/1177" rel="self"/><link href="https://github.com/OWASP/CheatSheetSeries/pull/1177" rel="alternate"/><published>2023-07-31T20:05:43+00:00</published></entry><entry><id>https://github.com/OWASP/CheatSheetSeries/pull/1178</id><title>Add Shared Responsibility Model to Secure Cloud Architecture</title><updated>2023-08-25T22:08:54+00:00</updated><link href="https://github.com/OWASP/CheatSheetSeries/pull/1178" rel="self"/><link href="https://github.com/OWASP/CheatSheetSeries/pull/1178" rel="alternate"/><published>2023-08-25T22:08:54+00:00</published></entry><entry><id>https://github.com/OWASP/CheatSheetSeries/pull/1181</id><title>Update XML_External_Entity_Prevention_Cheat_Sheet.md</title><updated>2023-08-09T02:54:16+00:00</updated><link href="https://github.com/OWASP/CheatSheetSeries/pull/1181" rel="self"/><link href="https://github.com/OWASP/CheatSheetSeries/pull/1181" rel="alternate"/><published>2023-08-09T02:54:16+00:00</published></entry><entry><id>https://github.com/OWASP/CheatSheetSeries/pull/1184</id><title>Fix url for dotnet cheat sheet</title><updated>2023-08-23T13:51:53+00:00</updated><link href="https://github.com/OWASP/CheatSheetSeries/pull/1184" rel="self"/><link href="https://github.com/OWASP/CheatSheetSeries/pull/1184" rel="alternate"/><published>2023-08-23T13:51:53+00:00</published></entry><entry><id>https://github.com/OWASP/CheatSheetSeries/pull/1185</id><title>Fixes a typo</title><updated>2023-08-23T10:42:22+00:00</updated><link href="https://github.com/OWASP/CheatSheetSeries/pull/1185" rel="self"/><link href="https://github.com/OWASP/CheatSheetSeries/pull/1185" rel="alternate"/><published>2023-08-23T10:42:22+00:00</published></entry><entry><id>https://github.com/OWASP/CheatSheetSeries/pull/1188</id><title>Fix recommended password hashing implementations in .NET</title><updated>2023-08-29T13:20:53+00:00</updated><link href="https://github.com/OWASP/CheatSheetSeries/pull/1188" rel="self"/><link href="https://github.com/OWASP/CheatSheetSeries/pull/1188" rel="alternate"/><contributor><name>szh</name><uri>https://github.com/szh</uri></contributor><published>2023-08-29T13:20:53+00:00</published></entry><entry><id>https://github.com/OWASP/CheatSheetSeries/pull/1189</id><title>Logging_Cheat_Sheet.md Grammar</title><updated>2023-08-29T18:49:41+00:00</updated><link href="https://github.com/OWASP/CheatSheetSeries/pull/1189" rel="self"/><link href="https://github.com/OWASP/CheatSheetSeries/pull/1189" rel="alternate"/><published>2023-08-29T18:49:41+00:00</published></entry><entry><id>https://github.com/OWASP/CheatSheetSeries/pull/1190</id><title>Add Mobile Application Security Cheat Sheet</title><updated>2023-08-30T14:11:13+00:00</updated><link href="https://github.com/OWASP/CheatSheetSeries/pull/1190" rel="self"/><link href="https://github.com/OWASP/CheatSheetSeries/pull/1190" rel="alternate"/><published>2023-08-30T14:11:13+00:00</published></entry><entry><id>https://github.com/OWASP/CheatSheetSeries/pull/1192</id><title>Clarify Definition of Alphanumeric Characters in Output Encoding Rules</title><updated>2023-09-01T13:59:11+00:00</updated><link href="https://github.com/OWASP/CheatSheetSeries/pull/1192" rel="self"/><link href="https://github.com/OWASP/CheatSheetSeries/pull/1192" rel="alternate"/><published>2023-09-01T13:59:11+00:00</published></entry><entry><id>https://github.com/OWASP/CheatSheetSeries/pull/1193</id><title>CSP: update refs</title><updated>2023-09-05T13:42:00+00:00</updated><link href="https://github.com/OWASP/CheatSheetSeries/pull/1193" rel="self"/><link href="https://github.com/OWASP/CheatSheetSeries/pull/1193" rel="alternate"/><published>2023-09-05T13:42:00+00:00</published></entry><entry><id>https://github.com/OWASP/CheatSheetSeries/pull/1194</id><title>Fix grammar in Microservices Security Cheat Sheet</title><updated>2023-09-06T13:18:03+00:00</updated><link href="https://github.com/OWASP/CheatSheetSeries/pull/1194" rel="self"/><link href="https://github.com/OWASP/CheatSheetSeries/pull/1194" rel="alternate"/><published>2023-09-06T13:18:03+00:00</published></entry><entry><id>https://github.com/OWASP/CheatSheetSeries/pull/1198</id><title>Fix typos in Kubernetes Security cheat sheet</title><updated>2023-09-07T21:24:02+00:00</updated><link href="https://github.com/OWASP/CheatSheetSeries/pull/1198" rel="self"/><link href="https://github.com/OWASP/CheatSheetSeries/pull/1198" rel="alternate"/><published>2023-09-07T21:24:02+00:00</published></entry><entry><id>https://github.com/OWASP/CheatSheetSeries/pull/1199</id><title>Update Nodejs_Security_Cheat_Sheet.md</title><updated>2023-09-08T16:07:23+00:00</updated><link href="https://github.com/OWASP/CheatSheetSeries/pull/1199" rel="self"/><link href="https://github.com/OWASP/CheatSheetSeries/pull/1199" rel="alternate"/><published>2023-09-08T16:07:23+00:00</published></entry><entry><id>https://github.com/OWASP/CheatSheetSeries/pull/1204</id><title>Updates for the Cryptographic_Storage_Cheat_Sheet.md</title><updated>2023-09-17T23:02:49+00:00</updated><link href="https://github.com/OWASP/CheatSheetSeries/pull/1204" rel="self"/><link href="https://github.com/OWASP/CheatSheetSeries/pull/1204" rel="alternate"/><published>2023-09-17T23:02:49+00:00</published></entry><entry><id>https://github.com/OWASP/CheatSheetSeries/pull/1206</id><title>Introduce python venv to Makefile</title><updated>2023-09-22T13:54:29+00:00</updated><link href="https://github.com/OWASP/CheatSheetSeries/pull/1206" rel="self"/><link href="https://github.com/OWASP/CheatSheetSeries/pull/1206" rel="alternate"/><published>2023-09-22T13:54:29+00:00</published></entry><entry><id>https://github.com/OWASP/CheatSheetSeries/pull/1207</id><title>Add context to security headers in REST Security Cheat Sheet</title><updated>2023-09-21T13:52:56+00:00</updated><link href="https://github.com/OWASP/CheatSheetSeries/pull/1207" rel="self"/><link href="https://github.com/OWASP/CheatSheetSeries/pull/1207" rel="alternate"/><published>2023-09-21T13:52:56+00:00</published></entry><entry><id>https://github.com/OWASP/CheatSheetSeries/pull/1209</id><title>Add separate try/catch while setting features in XEE Prevention (#1098)</title><updated>2023-09-27T03:24:11+00:00</updated><link href="https://github.com/OWASP/CheatSheetSeries/pull/1209" rel="self"/><link href="https://github.com/OWASP/CheatSheetSeries/pull/1209" rel="alternate"/><published>2023-09-27T03:24:11+00:00</published></entry><entry><id>https://github.com/OWASP/CheatSheetSeries/pull/1210</id><title>Add additional documentation for PII in Session Management Cheat Shee…</title><updated>2023-10-03T12:40:36+00:00</updated><link href="https://github.com/OWASP/CheatSheetSeries/pull/1210" rel="self"/><link href="https://github.com/OWASP/CheatSheetSeries/pull/1210" rel="alternate"/><published>2023-10-03T12:40:36+00:00</published></entry><entry><id>https://github.com/OWASP/CheatSheetSeries/pull/1211</id><title>Fixing typo in Access_Control_Cheat_Sheet.md</title><updated>2023-09-28T12:40:57+00:00</updated><link href="https://github.com/OWASP/CheatSheetSeries/pull/1211" rel="self"/><link href="https://github.com/OWASP/CheatSheetSeries/pull/1211" rel="alternate"/><published>2023-09-28T12:40:57+00:00</published></entry><entry><id>https://github.com/OWASP/CheatSheetSeries/pull/1213</id><title>Update mkdocs.yml to make copywrite date automatically update</title><updated>2023-10-09T14:04:49+00:00</updated><link href="https://github.com/OWASP/CheatSheetSeries/pull/1213" rel="self"/><link href="https://github.com/OWASP/CheatSheetSeries/pull/1213" rel="alternate"/><published>2023-10-09T14:04:49+00:00</published></entry><entry><id>https://github.com/OWASP/CheatSheetSeries/pull/1214</id><title>Performing an update to the CSP cheatsheet, both structure and content</title><updated>2023-10-09T14:05:46+00:00</updated><link href="https://github.com/OWASP/CheatSheetSeries/pull/1214" rel="self"/><link href="https://github.com/OWASP/CheatSheetSeries/pull/1214" rel="alternate"/><published>2023-10-09T14:05:46+00:00</published></entry><entry><id>https://github.com/OWASP/CheatSheetSeries/pull/1218</id><title>Deserialization_Cheat_Sheet.html#java - Other formats/libraries</title><updated>2023-10-16T19:31:29+00:00</updated><link href="https://github.com/OWASP/CheatSheetSeries/pull/1218" rel="self"/><link href="https://github.com/OWASP/CheatSheetSeries/pull/1218" rel="alternate"/><published>2023-10-16T19:31:29+00:00</published></entry><entry><id>https://github.com/OWASP/CheatSheetSeries/pull/1219</id><title>Remove @SafeHtml from Bean Validation Cheat Sheet (#888)</title><updated>2023-10-25T12:55:10+00:00</updated><link href="https://github.com/OWASP/CheatSheetSeries/pull/1219" rel="self"/><link href="https://github.com/OWASP/CheatSheetSeries/pull/1219" rel="alternate"/><published>2023-10-25T12:55:10+00:00</published></entry><entry><id>https://github.com/OWASP/CheatSheetSeries/pull/1220</id><title>Add section on Cookie-to-header token (#1215)</title><updated>2023-10-26T22:31:38+00:00</updated><link href="https://github.com/OWASP/CheatSheetSeries/pull/1220" rel="self"/><link href="https://github.com/OWASP/CheatSheetSeries/pull/1220" rel="alternate"/><published>2023-10-26T22:31:38+00:00</published></entry><entry><id>https://github.com/OWASP/CheatSheetSeries/pull/1224</id><title>Update to Cred Stuffing Cheat Sheet</title><updated>2023-11-13T13:57:27+00:00</updated><link href="https://github.com/OWASP/CheatSheetSeries/pull/1224" rel="self"/><link href="https://github.com/OWASP/CheatSheetSeries/pull/1224" rel="alternate"/><contributor><name>szh</name><uri>https://github.com/szh</uri></contributor><published>2023-11-13T13:57:27+00:00</published></entry><entry><id>https://github.com/OWASP/CheatSheetSeries/pull/1226</id><title>Update Password_Storage_Cheat_Sheet.md</title><updated>2023-11-18T18:04:27+00:00</updated><link href="https://github.com/OWASP/CheatSheetSeries/pull/1226" rel="self"/><link href="https://github.com/OWASP/CheatSheetSeries/pull/1226" rel="alternate"/><published>2023-11-18T18:04:27+00:00</published></entry><entry><id>https://github.com/OWASP/CheatSheetSeries/pull/1227</id><title>Update of Threat Model Cheatshet</title><updated>2023-11-22T14:35:35+00:00</updated><link href="https://github.com/OWASP/CheatSheetSeries/pull/1227" rel="self"/><link href="https://github.com/OWASP/CheatSheetSeries/pull/1227" rel="alternate"/><contributor><name>szh</name><uri>https://github.com/szh</uri></contributor><published>2023-11-22T14:35:35+00:00</published></entry><entry><id>https://github.com/OWASP/CheatSheetSeries/pull/1228</id><title>Update SQL_Injection_Prevention_Cheat_Sheet.md</title><updated>2023-11-22T14:31:29+00:00</updated><link href="https://github.com/OWASP/CheatSheetSeries/pull/1228" rel="self"/><link href="https://github.com/OWASP/CheatSheetSeries/pull/1228" rel="alternate"/><published>2023-11-22T14:31:29+00:00</published></entry><entry><id>https://github.com/OWASP/CheatSheetSeries/pull/1229</id><title>Update Password_Storage_Cheat_Sheet.md</title><updated>2023-11-22T14:38:42+00:00</updated><link href="https://github.com/OWASP/CheatSheetSeries/pull/1229" rel="self"/><link href="https://github.com/OWASP/CheatSheetSeries/pull/1229" rel="alternate"/><published>2023-11-22T14:38:42+00:00</published></entry><entry><id>https://github.com/OWASP/CheatSheetSeries/pull/1230</id><title>Symfony cheatsheet</title><updated>2023-11-29T12:31:59+00:00</updated><link href="https://github.com/OWASP/CheatSheetSeries/pull/1230" rel="self"/><link href="https://github.com/OWASP/CheatSheetSeries/pull/1230" rel="alternate"/><published>2023-11-29T12:31:59+00:00</published></entry><entry><id>https://github.com/OWASP/CheatSheetSeries/pull/1233</id><title>Updated spelling and grammar for Abuse_Case_Cheat_Sheet.md</title><updated>2023-11-27T12:59:30+00:00</updated><link href="https://github.com/OWASP/CheatSheetSeries/pull/1233" rel="self"/><link href="https://github.com/OWASP/CheatSheetSeries/pull/1233" rel="alternate"/><published>2023-11-27T12:59:30+00:00</published></entry><entry><id>https://github.com/OWASP/CheatSheetSeries/pull/1238</id><title>Add Django Security Cheat Sheet (#1035)</title><updated>2023-11-29T12:31:15+00:00</updated><link href="https://github.com/OWASP/CheatSheetSeries/pull/1238" rel="self"/><link href="https://github.com/OWASP/CheatSheetSeries/pull/1238" rel="alternate"/><published>2023-11-29T12:31:15+00:00</published></entry><entry><id>https://github.com/OWASP/CheatSheetSeries/pull/1240</id><title>#1239 - fix Threat Modeling Cheat Sheet table with table generator</title><updated>2023-11-29T17:45:01+00:00</updated><link href="https://github.com/OWASP/CheatSheetSeries/pull/1240" rel="self"/><link href="https://github.com/OWASP/CheatSheetSeries/pull/1240" rel="alternate"/><published>2023-11-29T17:45:01+00:00</published></entry><entry><id>https://github.com/OWASP/CheatSheetSeries/pull/1242</id><title>Fix inter-CS links</title><updated>2023-11-29T20:23:25+00:00</updated><link href="https://github.com/OWASP/CheatSheetSeries/pull/1242" rel="self"/><link href="https://github.com/OWASP/CheatSheetSeries/pull/1242" rel="alternate"/><published>2023-11-29T20:23:25+00:00</published></entry><entry><id>https://github.com/OWASP/CheatSheetSeries/pull/1245</id><title>Update Authentication_Cheat_Sheet.md</title><updated>2023-12-18T15:19:24+00:00</updated><link href="https://github.com/OWASP/CheatSheetSeries/pull/1245" rel="self"/><link href="https://github.com/OWASP/CheatSheetSeries/pull/1245" rel="alternate"/><published>2023-12-18T15:19:24+00:00</published></entry><entry><id>https://github.com/OWASP/CheatSheetSeries/pull/1246</id><title>Update pull_request_template.md</title><updated>2023-12-01T22:08:58+00:00</updated><link href="https://github.com/OWASP/CheatSheetSeries/pull/1246" rel="self"/><link href="https://github.com/OWASP/CheatSheetSeries/pull/1246" rel="alternate"/><published>2023-12-01T22:08:58+00:00</published></entry><entry><id>https://github.com/OWASP/CheatSheetSeries/pull/1247</id><title>Update Cross-Site_Request_Forgery_Prevention_Cheat_Sheet.md by R. Thornton</title><updated>2023-12-06T14:24:07+00:00</updated><link href="https://github.com/OWASP/CheatSheetSeries/pull/1247" rel="self"/><link href="https://github.com/OWASP/CheatSheetSeries/pull/1247" rel="alternate"/><published>2023-12-06T14:24:07+00:00</published></entry><entry><id>https://github.com/OWASP/CheatSheetSeries/pull/1248</id><title>Update Multifactor_Authentication_Cheat_Sheet.md</title><updated>2023-12-06T05:20:20+00:00</updated><link href="https://github.com/OWASP/CheatSheetSeries/pull/1248" rel="self"/><link href="https://github.com/OWASP/CheatSheetSeries/pull/1248" rel="alternate"/><published>2023-12-06T05:20:20+00:00</published></entry><entry><id>https://github.com/OWASP/CheatSheetSeries/pull/1250</id><title>Update LDAP_Injection_Prevention_Cheat_Sheet.md</title><updated>2023-12-06T13:45:48+00:00</updated><link href="https://github.com/OWASP/CheatSheetSeries/pull/1250" rel="self"/><link href="https://github.com/OWASP/CheatSheetSeries/pull/1250" rel="alternate"/><published>2023-12-06T13:45:48+00:00</published></entry><entry><id>https://github.com/OWASP/CheatSheetSeries/pull/1253</id><title>Update Cross-Site_Request_Forgery_Prevention_Cheat_Sheet.md</title><updated>2023-12-06T14:32:01+00:00</updated><link href="https://github.com/OWASP/CheatSheetSeries/pull/1253" rel="self"/><link href="https://github.com/OWASP/CheatSheetSeries/pull/1253" rel="alternate"/><published>2023-12-06T14:32:01+00:00</published></entry><entry><id>https://github.com/OWASP/CheatSheetSeries/pull/1255</id><title>Update: [XSS Filter Evasion Cheat Sheet] #1254</title><updated>2023-12-07T16:35:37+00:00</updated><link href="https://github.com/OWASP/CheatSheetSeries/pull/1255" rel="self"/><link href="https://github.com/OWASP/CheatSheetSeries/pull/1255" rel="alternate"/><published>2023-12-07T16:35:37+00:00</published></entry><entry><id>https://github.com/OWASP/CheatSheetSeries/pull/1256</id><title>Update: [XSS Filter Evasion Cheat Sheet] #1255</title><updated>2023-12-08T13:56:02+00:00</updated><link href="https://github.com/OWASP/CheatSheetSeries/pull/1256" rel="self"/><link href="https://github.com/OWASP/CheatSheetSeries/pull/1256" rel="alternate"/><published>2023-12-08T13:56:02+00:00</published></entry><entry><id>https://github.com/OWASP/CheatSheetSeries/pull/1257</id><title>Add guidance on handling secrets in memory</title><updated>2023-12-08T16:03:32+00:00</updated><link href="https://github.com/OWASP/CheatSheetSeries/pull/1257" rel="self"/><link href="https://github.com/OWASP/CheatSheetSeries/pull/1257" rel="alternate"/><published>2023-12-08T16:03:32+00:00</published></entry><entry><id>https://github.com/OWASP/CheatSheetSeries/pull/1258</id><title>Update Cross_Site_Scripting_Prevention_Cheat_Sheet.md</title><updated>2023-12-08T18:55:22+00:00</updated><link href="https://github.com/OWASP/CheatSheetSeries/pull/1258" rel="self"/><link href="https://github.com/OWASP/CheatSheetSeries/pull/1258" rel="alternate"/><published>2023-12-08T18:55:22+00:00</published></entry><entry><id>https://github.com/OWASP/CheatSheetSeries/pull/1260</id><title>CI: bump GH action versions</title><updated>2023-12-13T17:32:49+00:00</updated><link href="https://github.com/OWASP/CheatSheetSeries/pull/1260" rel="self"/><link href="https://github.com/OWASP/CheatSheetSeries/pull/1260" rel="alternate"/><contributor><name>szh</name><uri>https://github.com/szh</uri></contributor><published>2023-12-13T17:32:49+00:00</published></entry><entry><id>https://github.com/OWASP/CheatSheetSeries/pull/1261</id><title>DjangoCheatSheet - modification of admin panel url</title><updated>2023-12-14T15:50:28+00:00</updated><link href="https://github.com/OWASP/CheatSheetSeries/pull/1261" rel="self"/><link href="https://github.com/OWASP/CheatSheetSeries/pull/1261" rel="alternate"/><published>2023-12-14T15:50:28+00:00</published></entry><entry><id>https://github.com/OWASP/CheatSheetSeries/pull/1263</id><title>Minor Typo in Update Cross_Site_Scripting_Prevention_Cheat_Sheet.md</title><updated>2023-12-19T09:36:50+00:00</updated><link href="https://github.com/OWASP/CheatSheetSeries/pull/1263" rel="self"/><link href="https://github.com/OWASP/CheatSheetSeries/pull/1263" rel="alternate"/><published>2023-12-19T09:36:50+00:00</published></entry><entry><id>https://github.com/OWASP/CheatSheetSeries/pull/1264</id><title>Fixed typo</title><updated>2023-12-20T11:31:46+00:00</updated><link href="https://github.com/OWASP/CheatSheetSeries/pull/1264" rel="self"/><link href="https://github.com/OWASP/CheatSheetSeries/pull/1264" rel="alternate"/><published>2023-12-20T11:31:46+00:00</published></entry><entry><id>https://github.com/OWASP/CheatSheetSeries/pull/1266</id><title>Address GitHub Issue #1265</title><updated>2023-12-26T18:35:33+00:00</updated><link href="https://github.com/OWASP/CheatSheetSeries/pull/1266" rel="self"/><link href="https://github.com/OWASP/CheatSheetSeries/pull/1266" rel="alternate"/><published>2023-12-26T18:35:33+00:00</published></entry><entry><id>https://github.com/OWASP/CheatSheetSeries/pull/1267</id><title>Address @szh's suggested grammatical changes.</title><updated>2024-01-08T22:13:11+00:00</updated><link href="https://github.com/OWASP/CheatSheetSeries/pull/1267" rel="self"/><link href="https://github.com/OWASP/CheatSheetSeries/pull/1267" rel="alternate"/><published>2024-01-08T22:13:11+00:00</published></entry><entry><id>https://github.com/OWASP/CheatSheetSeries/pull/1268</id><title>Create CI/CD cheatsheet</title><updated>2024-01-05T14:12:25+00:00</updated><link href="https://github.com/OWASP/CheatSheetSeries/pull/1268" rel="self"/><link href="https://github.com/OWASP/CheatSheetSeries/pull/1268" rel="alternate"/><published>2024-01-05T14:12:25+00:00</published></entry><entry><id>https://github.com/OWASP/CheatSheetSeries/pull/1270</id><title>Update Node.js Docker Cheat Sheet to use npm ci --omit=dev for installing production dependencies</title><updated>2024-01-03T13:42:51+00:00</updated><link href="https://github.com/OWASP/CheatSheetSeries/pull/1270" rel="self"/><link href="https://github.com/OWASP/CheatSheetSeries/pull/1270" rel="alternate"/><published>2024-01-03T13:42:51+00:00</published></entry><entry><id>https://github.com/OWASP/CheatSheetSeries/pull/1271</id><title>Update Threat_Modeling_Cheat_Sheet.md</title><updated>2024-01-04T13:31:52+00:00</updated><link href="https://github.com/OWASP/CheatSheetSeries/pull/1271" rel="self"/><link href="https://github.com/OWASP/CheatSheetSeries/pull/1271" rel="alternate"/><published>2024-01-04T13:31:52+00:00</published></entry><entry><id>https://github.com/OWASP/CheatSheetSeries/pull/1272</id><title>Updated link in Cross-Site_Request_Forgery_Prevention_Cheat_Sheet.md</title><updated>2024-01-07T16:47:36+00:00</updated><link href="https://github.com/OWASP/CheatSheetSeries/pull/1272" rel="self"/><link href="https://github.com/OWASP/CheatSheetSeries/pull/1272" rel="alternate"/><published>2024-01-07T16:47:36+00:00</published></entry><entry><id>https://github.com/OWASP/CheatSheetSeries/pull/1274</id><title>Update Kubernetes_Security_Cheat_Sheet.md</title><updated>2024-01-09T01:25:27+00:00</updated><link href="https://github.com/OWASP/CheatSheetSeries/pull/1274" rel="self"/><link href="https://github.com/OWASP/CheatSheetSeries/pull/1274" rel="alternate"/><published>2024-01-09T01:25:27+00:00</published></entry><entry><id>https://github.com/OWASP/CheatSheetSeries/pull/1275</id><title>Add Docker Scout as suggested tool</title><updated>2024-01-09T18:02:36+00:00</updated><link href="https://github.com/OWASP/CheatSheetSeries/pull/1275" rel="self"/><link href="https://github.com/OWASP/CheatSheetSeries/pull/1275" rel="alternate"/><published>2024-01-09T18:02:36+00:00</published></entry><entry><id>https://github.com/OWASP/CheatSheetSeries/pull/1277</id><title>Fix GH checkout action not fetching all branches</title><updated>2024-01-09T20:46:25+00:00</updated><link href="https://github.com/OWASP/CheatSheetSeries/pull/1277" rel="self"/><link href="https://github.com/OWASP/CheatSheetSeries/pull/1277" rel="alternate"/><published>2024-01-09T20:46:25+00:00</published></entry></feed>