<?xml version='1.0' encoding='UTF-8'?>
<feed xmlns="http://www.w3.org/2005/Atom" xml:lang="en"><id>https://cheatsheetseries.owasp.org/</id><title>OWASP Cheat Sheet Series update</title><updated>2025-10-20T17:02:36+00:00</updated><author><name>Core team</name><email>dominique.righetto@owasp.org</email></author><link href="https://cheatsheetseries.owasp.org" rel="self"/><link href="https://github.com/OWASP/CheatSheetSeries" rel="alternate"/><generator uri="https://lkiesow.github.io/python-feedgen" version="1.0.0">python-feedgen</generator><icon>https://cheatsheetseries.owasp.org/gitbook/images/favicon.ico</icon><subtitle>List of the last updates on the content</subtitle><entry><id>https://github.com/OWASP/CheatSheetSeries/pull/1695</id><title>Feature/image for drone security cheat sheet</title><updated>2025-06-17T15:34:19+00:00</updated><link href="https://github.com/OWASP/CheatSheetSeries/pull/1695"/><link href="https://github.com/OWASP/CheatSheetSeries/pull/1695"/><published>2025-06-17T15:34:19+00:00</published></entry><entry><id>https://github.com/OWASP/CheatSheetSeries/pull/1699</id><title>Update dependencies; fix lint errors</title><updated>2025-06-17T15:58:36+00:00</updated><link href="https://github.com/OWASP/CheatSheetSeries/pull/1699"/><link href="https://github.com/OWASP/CheatSheetSeries/pull/1699"/><contributor><name>szh</name><uri>https://github.com/szh</uri></contributor><published>2025-06-17T15:58:36+00:00</published></entry><entry><id>https://github.com/OWASP/CheatSheetSeries/pull/1700</id><title>Small typo fix</title><updated>2025-06-20T14:47:16+00:00</updated><link href="https://github.com/OWASP/CheatSheetSeries/pull/1700"/><link href="https://github.com/OWASP/CheatSheetSeries/pull/1700"/><published>2025-06-20T14:47:16+00:00</published></entry><entry><id>https://github.com/OWASP/CheatSheetSeries/pull/1702</id><title>Fix links in Network_Segmentation_Cheat_Sheet</title><updated>2025-06-20T14:48:09+00:00</updated><link href="https://github.com/OWASP/CheatSheetSeries/pull/1702"/><link href="https://github.com/OWASP/CheatSheetSeries/pull/1702"/><published>2025-06-20T14:48:09+00:00</published></entry><entry><id>https://github.com/OWASP/CheatSheetSeries/pull/1706</id><title>Fix typo in XSS cheatsheet</title><updated>2025-06-20T13:29:34+00:00</updated><link href="https://github.com/OWASP/CheatSheetSeries/pull/1706"/><link href="https://github.com/OWASP/CheatSheetSeries/pull/1706"/><published>2025-06-20T13:29:34+00:00</published></entry><entry><id>https://github.com/OWASP/CheatSheetSeries/pull/1707</id><title>Update the CSP cheatsheet to remove redundant wording</title><updated>2025-06-20T13:30:41+00:00</updated><link href="https://github.com/OWASP/CheatSheetSeries/pull/1707"/><link href="https://github.com/OWASP/CheatSheetSeries/pull/1707"/><published>2025-06-20T13:30:41+00:00</published></entry><entry><id>https://github.com/OWASP/CheatSheetSeries/pull/1708</id><title>Fix typos, grammar, and styling in AJAX Security Cheat Sheet</title><updated>2025-06-20T14:49:36+00:00</updated><link href="https://github.com/OWASP/CheatSheetSeries/pull/1708"/><link href="https://github.com/OWASP/CheatSheetSeries/pull/1708"/><published>2025-06-20T14:49:36+00:00</published></entry><entry><id>https://github.com/OWASP/CheatSheetSeries/pull/1709</id><title>Add “Reauthentication After Risk Events” section and cross-links in Authentication, Session Management, and MFA cheat sheets</title><updated>2025-08-01T13:47:49+00:00</updated><link href="https://github.com/OWASP/CheatSheetSeries/pull/1709"/><link href="https://github.com/OWASP/CheatSheetSeries/pull/1709"/><published>2025-08-01T13:47:49+00:00</published></entry><entry><id>https://github.com/OWASP/CheatSheetSeries/pull/1711</id><title>Update Threat_Modeling_Cheat_Sheet.md</title><updated>2025-06-24T13:38:42+00:00</updated><link href="https://github.com/OWASP/CheatSheetSeries/pull/1711"/><link href="https://github.com/OWASP/CheatSheetSeries/pull/1711"/><published>2025-06-24T13:38:42+00:00</published></entry><entry><id>https://github.com/OWASP/CheatSheetSeries/pull/1712</id><title>Update: Add section of DOM skimming to browser extension vuln CS</title><updated>2025-06-24T13:22:24+00:00</updated><link href="https://github.com/OWASP/CheatSheetSeries/pull/1712"/><link href="https://github.com/OWASP/CheatSheetSeries/pull/1712"/><published>2025-06-24T13:22:24+00:00</published></entry><entry><id>https://github.com/OWASP/CheatSheetSeries/pull/1715</id><title>Update: mention `openOrClosedShadowRoot` in browser extension vuln CS</title><updated>2025-07-16T17:25:48+00:00</updated><link href="https://github.com/OWASP/CheatSheetSeries/pull/1715"/><link href="https://github.com/OWASP/CheatSheetSeries/pull/1715"/><published>2025-07-16T17:25:48+00:00</published></entry><entry><id>https://github.com/OWASP/CheatSheetSeries/pull/1717</id><title>add gRPC_Security_Cheat_Sheet.md</title><updated>2025-07-25T07:08:48+00:00</updated><link href="https://github.com/OWASP/CheatSheetSeries/pull/1717"/><link href="https://github.com/OWASP/CheatSheetSeries/pull/1717"/><published>2025-07-25T07:08:48+00:00</published></entry><entry><id>https://github.com/OWASP/CheatSheetSeries/pull/1718</id><title>Update: Add section of Prototype-based skimming to browser extension vuln CS</title><updated>2025-07-25T17:00:38+00:00</updated><link href="https://github.com/OWASP/CheatSheetSeries/pull/1718"/><link href="https://github.com/OWASP/CheatSheetSeries/pull/1718"/><published>2025-07-25T17:00:38+00:00</published></entry><entry><id>https://github.com/OWASP/CheatSheetSeries/pull/1720</id><title>docs: fix grammar, spelling and styling in Authentication Cheat Sheet</title><updated>2025-07-03T13:27:59+00:00</updated><link href="https://github.com/OWASP/CheatSheetSeries/pull/1720"/><link href="https://github.com/OWASP/CheatSheetSeries/pull/1720"/><published>2025-07-03T13:27:59+00:00</published></entry><entry><id>https://github.com/OWASP/CheatSheetSeries/pull/1721</id><title>docs(authentication): update asvs v5 password security requirement link reference</title><updated>2025-07-03T13:28:10+00:00</updated><link href="https://github.com/OWASP/CheatSheetSeries/pull/1721"/><link href="https://github.com/OWASP/CheatSheetSeries/pull/1721"/><published>2025-07-03T13:28:10+00:00</published></entry><entry><id>https://github.com/OWASP/CheatSheetSeries/pull/1724</id><title>Update: Input Validation Cheat Sheet</title><updated>2025-07-03T13:27:42+00:00</updated><link href="https://github.com/OWASP/CheatSheetSeries/pull/1724"/><link href="https://github.com/OWASP/CheatSheetSeries/pull/1724"/><published>2025-07-03T13:27:42+00:00</published></entry><entry><id>https://github.com/OWASP/CheatSheetSeries/pull/1726</id><title>Update: Added rate limiting section to Laravel cheat sheet</title><updated>2025-07-23T15:55:39+00:00</updated><link href="https://github.com/OWASP/CheatSheetSeries/pull/1726"/><link href="https://github.com/OWASP/CheatSheetSeries/pull/1726"/><published>2025-07-23T15:55:39+00:00</published></entry><entry><id>https://github.com/OWASP/CheatSheetSeries/pull/1727</id><title>Add project security policy SECURITY.md</title><updated>2025-07-08T13:00:26+00:00</updated><link href="https://github.com/OWASP/CheatSheetSeries/pull/1727"/><link href="https://github.com/OWASP/CheatSheetSeries/pull/1727"/><published>2025-07-08T13:00:26+00:00</published></entry><entry><id>https://github.com/OWASP/CheatSheetSeries/pull/1729</id><title>docs(ajax security): update 'innerHTML' guide #1728</title><updated>2025-07-25T13:38:40+00:00</updated><link href="https://github.com/OWASP/CheatSheetSeries/pull/1729"/><link href="https://github.com/OWASP/CheatSheetSeries/pull/1729"/><published>2025-07-25T13:38:40+00:00</published></entry><entry><id>https://github.com/OWASP/CheatSheetSeries/pull/1730</id><title>Add peppering strategies to Password Storage Cheat Sheet (#1683)</title><updated>2025-07-14T13:33:55+00:00</updated><link href="https://github.com/OWASP/CheatSheetSeries/pull/1730"/><link href="https://github.com/OWASP/CheatSheetSeries/pull/1730"/><published>2025-07-14T13:33:55+00:00</published></entry><entry><id>https://github.com/OWASP/CheatSheetSeries/pull/1731</id><title>References to SecureString and GuardedString removed from Secret Mgmt CS</title><updated>2025-07-21T12:59:29+00:00</updated><link href="https://github.com/OWASP/CheatSheetSeries/pull/1731"/><link href="https://github.com/OWASP/CheatSheetSeries/pull/1731"/><published>2025-07-21T12:59:29+00:00</published></entry><entry><id>https://github.com/OWASP/CheatSheetSeries/pull/1734</id><title>Rewrite a few awkward phrases</title><updated>2025-07-24T19:03:05+00:00</updated><link href="https://github.com/OWASP/CheatSheetSeries/pull/1734"/><link href="https://github.com/OWASP/CheatSheetSeries/pull/1734"/><published>2025-07-24T19:03:05+00:00</published></entry><entry><id>https://github.com/OWASP/CheatSheetSeries/pull/1736</id><title>Add Permissions section to Node.js Security Cheat Sheet</title><updated>2025-07-25T06:58:27+00:00</updated><link href="https://github.com/OWASP/CheatSheetSeries/pull/1736"/><link href="https://github.com/OWASP/CheatSheetSeries/pull/1736"/><published>2025-07-25T06:58:27+00:00</published></entry><entry><id>https://github.com/OWASP/CheatSheetSeries/pull/1737</id><title>Fix: Converted hardcoded GitHub links to relative paths (#1703)</title><updated>2025-07-25T17:27:11+00:00</updated><link href="https://github.com/OWASP/CheatSheetSeries/pull/1737"/><link href="https://github.com/OWASP/CheatSheetSeries/pull/1737"/><published>2025-07-25T17:27:11+00:00</published></entry><entry><id>https://github.com/OWASP/CheatSheetSeries/pull/1744</id><title>Add Cheat Sheet: Secure AI/ML Model Ops</title><updated>2025-08-08T06:31:18+00:00</updated><link href="https://github.com/OWASP/CheatSheetSeries/pull/1744"/><link href="https://github.com/OWASP/CheatSheetSeries/pull/1744"/><published>2025-08-08T06:31:18+00:00</published></entry><entry><id>https://github.com/OWASP/CheatSheetSeries/pull/1746</id><title>New authentication patterns cheat sheet</title><updated>2025-09-01T13:06:33+00:00</updated><link href="https://github.com/OWASP/CheatSheetSeries/pull/1746"/><link href="https://github.com/OWASP/CheatSheetSeries/pull/1746"/><published>2025-09-01T13:06:33+00:00</published></entry><entry><id>https://github.com/OWASP/CheatSheetSeries/pull/1748</id><title>Fix update os command injection defense cheatsheet</title><updated>2025-08-12T13:15:21+00:00</updated><link href="https://github.com/OWASP/CheatSheetSeries/pull/1748"/><link href="https://github.com/OWASP/CheatSheetSeries/pull/1748"/><published>2025-08-12T13:15:21+00:00</published></entry><entry><id>https://github.com/OWASP/CheatSheetSeries/pull/1752</id><title>added x-robots-tag header</title><updated>2025-10-17T13:35:37+00:00</updated><link href="https://github.com/OWASP/CheatSheetSeries/pull/1752"/><link href="https://github.com/OWASP/CheatSheetSeries/pull/1752"/><published>2025-10-17T13:35:37+00:00</published></entry><entry><id>https://github.com/OWASP/CheatSheetSeries/pull/1754</id><title>changes for issue #1751</title><updated>2025-08-27T09:04:49+00:00</updated><link href="https://github.com/OWASP/CheatSheetSeries/pull/1754"/><link href="https://github.com/OWASP/CheatSheetSeries/pull/1754"/><published>2025-08-27T09:04:49+00:00</published></entry><entry><id>https://github.com/OWASP/CheatSheetSeries/pull/1758</id><title>Fix broken cross-references in ASVS Index (#1757)</title><updated>2025-08-25T13:22:27+00:00</updated><link href="https://github.com/OWASP/CheatSheetSeries/pull/1758"/><link href="https://github.com/OWASP/CheatSheetSeries/pull/1758"/><published>2025-08-25T13:22:27+00:00</published></entry><entry><id>https://github.com/OWASP/CheatSheetSeries/pull/1761</id><title>Convert HTTP links to HTTPS in CONTRIBUTOR-V1.md</title><updated>2025-08-25T13:13:43+00:00</updated><link href="https://github.com/OWASP/CheatSheetSeries/pull/1761"/><link href="https://github.com/OWASP/CheatSheetSeries/pull/1761"/><published>2025-08-25T13:13:43+00:00</published></entry><entry><id>https://github.com/OWASP/CheatSheetSeries/pull/1764</id><title>Update Key_Management_Cheat_Sheet.md</title><updated>2025-08-26T13:15:43+00:00</updated><link href="https://github.com/OWASP/CheatSheetSeries/pull/1764"/><link href="https://github.com/OWASP/CheatSheetSeries/pull/1764"/><published>2025-08-26T13:15:43+00:00</published></entry><entry><id>https://github.com/OWASP/CheatSheetSeries/pull/1771</id><title>Fix: Add secure vs insecure Java LDAP query example</title><updated>2025-08-28T11:02:14+00:00</updated><link href="https://github.com/OWASP/CheatSheetSeries/pull/1771"/><link href="https://github.com/OWASP/CheatSheetSeries/pull/1771"/><published>2025-08-28T11:02:14+00:00</published></entry><entry><id>https://github.com/OWASP/CheatSheetSeries/pull/1775</id><title>3rd Party Payment Gateway integration</title><updated>2025-09-08T10:08:26+00:00</updated><link href="https://github.com/OWASP/CheatSheetSeries/pull/1775"/><link href="https://github.com/OWASP/CheatSheetSeries/pull/1775"/><published>2025-09-08T10:08:26+00:00</published></entry><entry><id>https://github.com/OWASP/CheatSheetSeries/pull/1776</id><title>AuthN CS: clarify OAuth (authorization) vs OpenID Connect (authentication); replace legacy 'OpenId' subsection</title><updated>2025-09-13T12:09:50+00:00</updated><link href="https://github.com/OWASP/CheatSheetSeries/pull/1776"/><link href="https://github.com/OWASP/CheatSheetSeries/pull/1776"/><published>2025-09-13T12:09:50+00:00</published></entry><entry><id>https://github.com/OWASP/CheatSheetSeries/pull/1778</id><title>Delete duplicate rules from NPM Security Cheat Sheet</title><updated>2025-09-03T13:59:01+00:00</updated><link href="https://github.com/OWASP/CheatSheetSeries/pull/1778"/><link href="https://github.com/OWASP/CheatSheetSeries/pull/1778"/><published>2025-09-03T13:59:01+00:00</published></entry><entry><id>https://github.com/OWASP/CheatSheetSeries/pull/1779</id><title>Update Authentication_Cheat_Sheet.md</title><updated>2025-09-04T15:14:48+00:00</updated><link href="https://github.com/OWASP/CheatSheetSeries/pull/1779"/><link href="https://github.com/OWASP/CheatSheetSeries/pull/1779"/><published>2025-09-04T15:14:48+00:00</published></entry><entry><id>https://github.com/OWASP/CheatSheetSeries/pull/1780</id><title>add WebSocket_Security_Cheat_Sheet.md</title><updated>2025-09-08T10:05:53+00:00</updated><link href="https://github.com/OWASP/CheatSheetSeries/pull/1780"/><link href="https://github.com/OWASP/CheatSheetSeries/pull/1780"/><published>2025-09-08T10:05:53+00:00</published></entry><entry><id>https://github.com/OWASP/CheatSheetSeries/pull/1785</id><title>Update to reflect latest change from NIST on password minimum length</title><updated>2025-09-08T13:41:29+00:00</updated><link href="https://github.com/OWASP/CheatSheetSeries/pull/1785"/><link href="https://github.com/OWASP/CheatSheetSeries/pull/1785"/><published>2025-09-08T13:41:29+00:00</published></entry><entry><id>https://github.com/OWASP/CheatSheetSeries/pull/1791</id><title>Drone Security: fix typos</title><updated>2025-09-22T07:14:45+00:00</updated><link href="https://github.com/OWASP/CheatSheetSeries/pull/1791"/><link href="https://github.com/OWASP/CheatSheetSeries/pull/1791"/><published>2025-09-22T07:14:45+00:00</published></entry><entry><id>https://github.com/OWASP/CheatSheetSeries/pull/1797</id><title>feat(1372): LDAP Authentication vs Filter Clarity</title><updated>2025-10-17T13:31:01+00:00</updated><link href="https://github.com/OWASP/CheatSheetSeries/pull/1797"/><link href="https://github.com/OWASP/CheatSheetSeries/pull/1797"/><published>2025-10-17T13:31:01+00:00</published></entry><entry><id>https://github.com/OWASP/CheatSheetSeries/pull/1802</id><title>Update: Drone Security - Add data protection</title><updated>2025-09-19T09:34:40+00:00</updated><link href="https://github.com/OWASP/CheatSheetSeries/pull/1802"/><link href="https://github.com/OWASP/CheatSheetSeries/pull/1802"/><published>2025-09-19T09:34:40+00:00</published></entry><entry><id>https://github.com/OWASP/CheatSheetSeries/pull/1804</id><title>Update: Cross-Site Request Forgery Prevention Cheat Sheet - add Fetch Metadata</title><updated>2025-09-22T07:23:50+00:00</updated><link href="https://github.com/OWASP/CheatSheetSeries/pull/1804"/><link href="https://github.com/OWASP/CheatSheetSeries/pull/1804"/><published>2025-09-22T07:23:50+00:00</published></entry><entry><id>https://github.com/OWASP/CheatSheetSeries/pull/1806</id><title>Use `npm ci` instead of `npm install`</title><updated>2025-09-22T09:07:09+00:00</updated><link href="https://github.com/OWASP/CheatSheetSeries/pull/1806"/><link href="https://github.com/OWASP/CheatSheetSeries/pull/1806"/><published>2025-09-22T09:07:09+00:00</published></entry><entry><id>https://github.com/OWASP/CheatSheetSeries/pull/1807</id><title>Added resources on securing AWS EKS</title><updated>2025-09-26T09:03:34+00:00</updated><link href="https://github.com/OWASP/CheatSheetSeries/pull/1807"/><link href="https://github.com/OWASP/CheatSheetSeries/pull/1807"/><published>2025-09-26T09:03:34+00:00</published></entry><entry><id>https://github.com/OWASP/CheatSheetSeries/pull/1808</id><title>New Identity Propagation Patterns Cheat Sheet</title><updated>2025-10-01T16:10:12+00:00</updated><link href="https://github.com/OWASP/CheatSheetSeries/pull/1808"/><link href="https://github.com/OWASP/CheatSheetSeries/pull/1808"/><published>2025-10-01T16:10:12+00:00</published></entry><entry><id>https://github.com/OWASP/CheatSheetSeries/pull/1809</id><title>New Authorization Patterns Cheat Sheet</title><updated>2025-10-13T13:05:29+00:00</updated><link href="https://github.com/OWASP/CheatSheetSeries/pull/1809"/><link href="https://github.com/OWASP/CheatSheetSeries/pull/1809"/><published>2025-10-13T13:05:29+00:00</published></entry><entry><id>https://github.com/OWASP/CheatSheetSeries/pull/1812</id><title>Correct a typo in the event name for 'malicious_direct_reference' in the logging vocabulary cheatsheet.</title><updated>2025-09-25T15:24:50+00:00</updated><link href="https://github.com/OWASP/CheatSheetSeries/pull/1812"/><link href="https://github.com/OWASP/CheatSheetSeries/pull/1812"/><contributor><name>mackowski</name><uri>https://github.com/mackowski</uri></contributor><published>2025-09-25T15:24:50+00:00</published></entry><entry><id>https://github.com/OWASP/CheatSheetSeries/pull/1813</id><title>Bump urllib3 from 2.2.3 to 2.5.0</title><updated>2025-09-25T16:01:51+00:00</updated><link href="https://github.com/OWASP/CheatSheetSeries/pull/1813"/><link href="https://github.com/OWASP/CheatSheetSeries/pull/1813"/><contributor><name>mackowski</name><uri>https://github.com/mackowski</uri></contributor><published>2025-09-25T16:01:51+00:00</published></entry><entry><id>https://github.com/OWASP/CheatSheetSeries/pull/1814</id><title>Fix typo in Session Management Cheat Sheet</title><updated>2025-09-25T15:23:08+00:00</updated><link href="https://github.com/OWASP/CheatSheetSeries/pull/1814"/><link href="https://github.com/OWASP/CheatSheetSeries/pull/1814"/><published>2025-09-25T15:23:08+00:00</published></entry><entry><id>https://github.com/OWASP/CheatSheetSeries/pull/1819</id><title>Update Django security cheatsheet: add `check --deploy` built-in command</title><updated>2025-09-25T15:26:27+00:00</updated><link href="https://github.com/OWASP/CheatSheetSeries/pull/1819"/><link href="https://github.com/OWASP/CheatSheetSeries/pull/1819"/><published>2025-09-25T15:26:27+00:00</published></entry><entry><id>https://github.com/OWASP/CheatSheetSeries/pull/1821</id><title>Add Cheat Sheet: Serverless / FaaS Security Cheat Sheet</title><updated>2025-09-29T05:24:41+00:00</updated><link href="https://github.com/OWASP/CheatSheetSeries/pull/1821"/><link href="https://github.com/OWASP/CheatSheetSeries/pull/1821"/><published>2025-09-29T05:24:41+00:00</published></entry><entry><id>https://github.com/OWASP/CheatSheetSeries/pull/1824</id><title>Remove WebSocket content from HTML5 cheat sheet</title><updated>2025-10-01T09:49:59+00:00</updated><link href="https://github.com/OWASP/CheatSheetSeries/pull/1824"/><link href="https://github.com/OWASP/CheatSheetSeries/pull/1824"/><published>2025-10-01T09:49:59+00:00</published></entry><entry><id>https://github.com/OWASP/CheatSheetSeries/pull/1825</id><title>Log discrete validation failures</title><updated>2025-10-01T16:11:12+00:00</updated><link href="https://github.com/OWASP/CheatSheetSeries/pull/1825"/><link href="https://github.com/OWASP/CheatSheetSeries/pull/1825"/><published>2025-10-01T16:11:12+00:00</published></entry><entry><id>https://github.com/OWASP/CheatSheetSeries/pull/1829</id><title>Update Abuse_Case_Cheat_Sheet.md</title><updated>2025-09-30T15:18:39+00:00</updated><link href="https://github.com/OWASP/CheatSheetSeries/pull/1829"/><link href="https://github.com/OWASP/CheatSheetSeries/pull/1829"/><published>2025-09-30T15:18:39+00:00</published></entry><entry><id>https://github.com/OWASP/CheatSheetSeries/pull/1831</id><title>Correct typos and grammatical mistakes in the HTTP headers cheat sheet</title><updated>2025-09-29T13:13:45+00:00</updated><link href="https://github.com/OWASP/CheatSheetSeries/pull/1831"/><link href="https://github.com/OWASP/CheatSheetSeries/pull/1831"/><published>2025-09-29T13:13:45+00:00</published></entry><entry><id>https://github.com/OWASP/CheatSheetSeries/pull/1834</id><title>updated outdated links in npm cheat sheet</title><updated>2025-09-29T19:22:40+00:00</updated><link href="https://github.com/OWASP/CheatSheetSeries/pull/1834"/><link href="https://github.com/OWASP/CheatSheetSeries/pull/1834"/><published>2025-09-29T19:22:40+00:00</published></entry><entry><id>https://github.com/OWASP/CheatSheetSeries/pull/1836</id><title>Add AI tool usage disclosure to PR template</title><updated>2025-09-30T15:09:07+00:00</updated><link href="https://github.com/OWASP/CheatSheetSeries/pull/1836"/><link href="https://github.com/OWASP/CheatSheetSeries/pull/1836"/><contributor><name>szh</name><uri>https://github.com/szh</uri></contributor><published>2025-09-30T15:09:07+00:00</published></entry><entry><id>https://github.com/OWASP/CheatSheetSeries/pull/1837</id><title>adding-mfa-change-factors</title><updated>2025-10-01T01:20:54+00:00</updated><link href="https://github.com/OWASP/CheatSheetSeries/pull/1837"/><link href="https://github.com/OWASP/CheatSheetSeries/pull/1837"/><published>2025-10-01T01:20:54+00:00</published></entry><entry><id>https://github.com/OWASP/CheatSheetSeries/pull/1839</id><title>Add Cheat Sheet: Dependency Graph &amp; SBOM Best Practices Cheat Sheet</title><updated>2025-10-01T01:13:56+00:00</updated><link href="https://github.com/OWASP/CheatSheetSeries/pull/1839"/><link href="https://github.com/OWASP/CheatSheetSeries/pull/1839"/><published>2025-10-01T01:13:56+00:00</published></entry><entry><id>https://github.com/OWASP/CheatSheetSeries/pull/1840</id><title>Pull request for issue #845</title><updated>2025-10-04T05:47:21+00:00</updated><link href="https://github.com/OWASP/CheatSheetSeries/pull/1840"/><link href="https://github.com/OWASP/CheatSheetSeries/pull/1840"/><contributor><name>mackowski</name><uri>https://github.com/mackowski</uri></contributor><published>2025-10-04T05:47:21+00:00</published></entry><entry><id>https://github.com/OWASP/CheatSheetSeries/pull/1842</id><title>Update Dependency_Graph_SBOM_Cheat_Sheet.md</title><updated>2025-10-01T20:05:43+00:00</updated><link href="https://github.com/OWASP/CheatSheetSeries/pull/1842"/><link href="https://github.com/OWASP/CheatSheetSeries/pull/1842"/><published>2025-10-01T20:05:43+00:00</published></entry><entry><id>https://github.com/OWASP/CheatSheetSeries/pull/1844</id><title>Docs: Clarify SlidingExpiration guidance</title><updated>2025-10-08T01:38:59+00:00</updated><link href="https://github.com/OWASP/CheatSheetSeries/pull/1844"/><link href="https://github.com/OWASP/CheatSheetSeries/pull/1844"/><contributor><name>mackowski</name><uri>https://github.com/mackowski</uri></contributor><published>2025-10-08T01:38:59+00:00</published></entry><entry><id>https://github.com/OWASP/CheatSheetSeries/pull/1846</id><title>Update DOM_based_XSS_Prevention_Cheat_Sheet.md</title><updated>2025-10-10T09:34:43+00:00</updated><link href="https://github.com/OWASP/CheatSheetSeries/pull/1846"/><link href="https://github.com/OWASP/CheatSheetSeries/pull/1846"/><published>2025-10-10T09:34:43+00:00</published></entry><entry><id>https://github.com/OWASP/CheatSheetSeries/pull/1849</id><title>Update Threat_Modeling_Cheat_Sheet.md</title><updated>2025-10-10T09:32:53+00:00</updated><link href="https://github.com/OWASP/CheatSheetSeries/pull/1849"/><link href="https://github.com/OWASP/CheatSheetSeries/pull/1849"/><published>2025-10-10T09:32:53+00:00</published></entry><entry><id>https://github.com/OWASP/CheatSheetSeries/pull/1850</id><title>Replace django version mentioned explicitly in URL with /stable</title><updated>2025-10-10T09:30:34+00:00</updated><link href="https://github.com/OWASP/CheatSheetSeries/pull/1850"/><link href="https://github.com/OWASP/CheatSheetSeries/pull/1850"/><published>2025-10-10T09:30:34+00:00</published></entry><entry><id>https://github.com/OWASP/CheatSheetSeries/pull/1852</id><title>Add Cheat Sheet: NoSQL Security Cheat Sheet</title><updated>2025-10-20T12:47:00+00:00</updated><link href="https://github.com/OWASP/CheatSheetSeries/pull/1852"/><link href="https://github.com/OWASP/CheatSheetSeries/pull/1852"/><published>2025-10-20T12:47:00+00:00</published></entry><entry><id>https://github.com/OWASP/CheatSheetSeries/pull/1854</id><title>Update URL to contributing guidelines</title><updated>2025-10-17T13:34:38+00:00</updated><link href="https://github.com/OWASP/CheatSheetSeries/pull/1854"/><link href="https://github.com/OWASP/CheatSheetSeries/pull/1854"/><published>2025-10-17T13:34:38+00:00</published></entry><entry><id>https://github.com/OWASP/CheatSheetSeries/pull/1858</id><title>NPM_Security_Cheet_Sheet - Artifact Governance</title><updated>2025-10-20T13:11:33+00:00</updated><link href="https://github.com/OWASP/CheatSheetSeries/pull/1858"/><link href="https://github.com/OWASP/CheatSheetSeries/pull/1858"/><published>2025-10-20T13:11:33+00:00</published></entry></feed>