<?xml version='1.0' encoding='UTF-8'?>
<feed xmlns="http://www.w3.org/2005/Atom" xml:lang="en"><id>https://cheatsheetseries.owasp.org/</id><title>OWASP Cheat Sheet Series update</title><updated>2025-12-24T17:05:25+00:00</updated><author><name>Core team</name><email>dominique.righetto@owasp.org</email></author><link href="https://cheatsheetseries.owasp.org" rel="self"/><link href="https://github.com/OWASP/CheatSheetSeries" rel="alternate"/><generator uri="https://lkiesow.github.io/python-feedgen" version="1.0.0">python-feedgen</generator><icon>https://cheatsheetseries.owasp.org/gitbook/images/favicon.ico</icon><subtitle>List of the last updates on the content</subtitle><entry><id>https://github.com/OWASP/CheatSheetSeries/pull/1780</id><title>add WebSocket_Security_Cheat_Sheet.md</title><updated>2025-09-08T10:05:53+00:00</updated><link href="https://github.com/OWASP/CheatSheetSeries/pull/1780"/><link href="https://github.com/OWASP/CheatSheetSeries/pull/1780"/><published>2025-09-08T10:05:53+00:00</published></entry><entry><id>https://github.com/OWASP/CheatSheetSeries/pull/1785</id><title>Update to reflect latest change from NIST on password minimum length</title><updated>2025-09-08T13:41:29+00:00</updated><link href="https://github.com/OWASP/CheatSheetSeries/pull/1785"/><link href="https://github.com/OWASP/CheatSheetSeries/pull/1785"/><published>2025-09-08T13:41:29+00:00</published></entry><entry><id>https://github.com/OWASP/CheatSheetSeries/pull/1791</id><title>Drone Security: fix typos</title><updated>2025-09-22T07:14:45+00:00</updated><link href="https://github.com/OWASP/CheatSheetSeries/pull/1791"/><link href="https://github.com/OWASP/CheatSheetSeries/pull/1791"/><published>2025-09-22T07:14:45+00:00</published></entry><entry><id>https://github.com/OWASP/CheatSheetSeries/pull/1797</id><title>feat(1372): LDAP Authentication vs Filter Clarity</title><updated>2025-10-17T13:31:01+00:00</updated><link href="https://github.com/OWASP/CheatSheetSeries/pull/1797"/><link href="https://github.com/OWASP/CheatSheetSeries/pull/1797"/><published>2025-10-17T13:31:01+00:00</published></entry><entry><id>https://github.com/OWASP/CheatSheetSeries/pull/1802</id><title>Update: Drone Security - Add data protection</title><updated>2025-09-19T09:34:40+00:00</updated><link href="https://github.com/OWASP/CheatSheetSeries/pull/1802"/><link href="https://github.com/OWASP/CheatSheetSeries/pull/1802"/><published>2025-09-19T09:34:40+00:00</published></entry><entry><id>https://github.com/OWASP/CheatSheetSeries/pull/1804</id><title>Update: Cross-Site Request Forgery Prevention Cheat Sheet - add Fetch Metadata</title><updated>2025-09-22T07:23:50+00:00</updated><link href="https://github.com/OWASP/CheatSheetSeries/pull/1804"/><link href="https://github.com/OWASP/CheatSheetSeries/pull/1804"/><published>2025-09-22T07:23:50+00:00</published></entry><entry><id>https://github.com/OWASP/CheatSheetSeries/pull/1806</id><title>Use `npm ci` instead of `npm install`</title><updated>2025-09-22T09:07:09+00:00</updated><link href="https://github.com/OWASP/CheatSheetSeries/pull/1806"/><link href="https://github.com/OWASP/CheatSheetSeries/pull/1806"/><published>2025-09-22T09:07:09+00:00</published></entry><entry><id>https://github.com/OWASP/CheatSheetSeries/pull/1807</id><title>Added resources on securing AWS EKS</title><updated>2025-09-26T09:03:34+00:00</updated><link href="https://github.com/OWASP/CheatSheetSeries/pull/1807"/><link href="https://github.com/OWASP/CheatSheetSeries/pull/1807"/><published>2025-09-26T09:03:34+00:00</published></entry><entry><id>https://github.com/OWASP/CheatSheetSeries/pull/1808</id><title>New Identity Propagation Patterns Cheat Sheet</title><updated>2025-10-01T16:10:12+00:00</updated><link href="https://github.com/OWASP/CheatSheetSeries/pull/1808"/><link href="https://github.com/OWASP/CheatSheetSeries/pull/1808"/><published>2025-10-01T16:10:12+00:00</published></entry><entry><id>https://github.com/OWASP/CheatSheetSeries/pull/1809</id><title>New Authorization Patterns Cheat Sheet</title><updated>2025-10-13T13:05:29+00:00</updated><link href="https://github.com/OWASP/CheatSheetSeries/pull/1809"/><link href="https://github.com/OWASP/CheatSheetSeries/pull/1809"/><published>2025-10-13T13:05:29+00:00</published></entry><entry><id>https://github.com/OWASP/CheatSheetSeries/pull/1812</id><title>Correct a typo in the event name for 'malicious_direct_reference' in the logging vocabulary cheatsheet.</title><updated>2025-09-25T15:24:50+00:00</updated><link href="https://github.com/OWASP/CheatSheetSeries/pull/1812"/><link href="https://github.com/OWASP/CheatSheetSeries/pull/1812"/><contributor><name>mackowski</name><uri>https://github.com/mackowski</uri></contributor><published>2025-09-25T15:24:50+00:00</published></entry><entry><id>https://github.com/OWASP/CheatSheetSeries/pull/1813</id><title>Bump urllib3 from 2.2.3 to 2.5.0</title><updated>2025-09-25T16:01:51+00:00</updated><link href="https://github.com/OWASP/CheatSheetSeries/pull/1813"/><link href="https://github.com/OWASP/CheatSheetSeries/pull/1813"/><contributor><name>mackowski</name><uri>https://github.com/mackowski</uri></contributor><published>2025-09-25T16:01:51+00:00</published></entry><entry><id>https://github.com/OWASP/CheatSheetSeries/pull/1814</id><title>Fix typo in Session Management Cheat Sheet</title><updated>2025-09-25T15:23:08+00:00</updated><link href="https://github.com/OWASP/CheatSheetSeries/pull/1814"/><link href="https://github.com/OWASP/CheatSheetSeries/pull/1814"/><published>2025-09-25T15:23:08+00:00</published></entry><entry><id>https://github.com/OWASP/CheatSheetSeries/pull/1819</id><title>Update Django security cheatsheet: add `check --deploy` built-in command</title><updated>2025-09-25T15:26:27+00:00</updated><link href="https://github.com/OWASP/CheatSheetSeries/pull/1819"/><link href="https://github.com/OWASP/CheatSheetSeries/pull/1819"/><published>2025-09-25T15:26:27+00:00</published></entry><entry><id>https://github.com/OWASP/CheatSheetSeries/pull/1821</id><title>Add Cheat Sheet: Serverless / FaaS Security Cheat Sheet</title><updated>2025-09-29T05:24:41+00:00</updated><link href="https://github.com/OWASP/CheatSheetSeries/pull/1821"/><link href="https://github.com/OWASP/CheatSheetSeries/pull/1821"/><published>2025-09-29T05:24:41+00:00</published></entry><entry><id>https://github.com/OWASP/CheatSheetSeries/pull/1824</id><title>Remove WebSocket content from HTML5 cheat sheet</title><updated>2025-10-01T09:49:59+00:00</updated><link href="https://github.com/OWASP/CheatSheetSeries/pull/1824"/><link href="https://github.com/OWASP/CheatSheetSeries/pull/1824"/><published>2025-10-01T09:49:59+00:00</published></entry><entry><id>https://github.com/OWASP/CheatSheetSeries/pull/1825</id><title>Log discrete validation failures</title><updated>2025-10-01T16:11:12+00:00</updated><link href="https://github.com/OWASP/CheatSheetSeries/pull/1825"/><link href="https://github.com/OWASP/CheatSheetSeries/pull/1825"/><published>2025-10-01T16:11:12+00:00</published></entry><entry><id>https://github.com/OWASP/CheatSheetSeries/pull/1829</id><title>Update Abuse_Case_Cheat_Sheet.md</title><updated>2025-09-30T15:18:39+00:00</updated><link href="https://github.com/OWASP/CheatSheetSeries/pull/1829"/><link href="https://github.com/OWASP/CheatSheetSeries/pull/1829"/><published>2025-09-30T15:18:39+00:00</published></entry><entry><id>https://github.com/OWASP/CheatSheetSeries/pull/1831</id><title>Correct typos and grammatical mistakes in the HTTP headers cheat sheet</title><updated>2025-09-29T13:13:45+00:00</updated><link href="https://github.com/OWASP/CheatSheetSeries/pull/1831"/><link href="https://github.com/OWASP/CheatSheetSeries/pull/1831"/><published>2025-09-29T13:13:45+00:00</published></entry><entry><id>https://github.com/OWASP/CheatSheetSeries/pull/1834</id><title>updated outdated links in npm cheat sheet</title><updated>2025-09-29T19:22:40+00:00</updated><link href="https://github.com/OWASP/CheatSheetSeries/pull/1834"/><link href="https://github.com/OWASP/CheatSheetSeries/pull/1834"/><published>2025-09-29T19:22:40+00:00</published></entry><entry><id>https://github.com/OWASP/CheatSheetSeries/pull/1836</id><title>Add AI tool usage disclosure to PR template</title><updated>2025-09-30T15:09:07+00:00</updated><link href="https://github.com/OWASP/CheatSheetSeries/pull/1836"/><link href="https://github.com/OWASP/CheatSheetSeries/pull/1836"/><contributor><name>szh</name><uri>https://github.com/szh</uri></contributor><published>2025-09-30T15:09:07+00:00</published></entry><entry><id>https://github.com/OWASP/CheatSheetSeries/pull/1837</id><title>adding-mfa-change-factors</title><updated>2025-10-01T01:20:54+00:00</updated><link href="https://github.com/OWASP/CheatSheetSeries/pull/1837"/><link href="https://github.com/OWASP/CheatSheetSeries/pull/1837"/><published>2025-10-01T01:20:54+00:00</published></entry><entry><id>https://github.com/OWASP/CheatSheetSeries/pull/1839</id><title>Add Cheat Sheet: Dependency Graph &amp; SBOM Best Practices Cheat Sheet</title><updated>2025-10-01T01:13:56+00:00</updated><link href="https://github.com/OWASP/CheatSheetSeries/pull/1839"/><link href="https://github.com/OWASP/CheatSheetSeries/pull/1839"/><published>2025-10-01T01:13:56+00:00</published></entry><entry><id>https://github.com/OWASP/CheatSheetSeries/pull/1840</id><title>Pull request for issue #845</title><updated>2025-10-04T05:47:21+00:00</updated><link href="https://github.com/OWASP/CheatSheetSeries/pull/1840"/><link href="https://github.com/OWASP/CheatSheetSeries/pull/1840"/><contributor><name>mackowski</name><uri>https://github.com/mackowski</uri></contributor><published>2025-10-04T05:47:21+00:00</published></entry><entry><id>https://github.com/OWASP/CheatSheetSeries/pull/1842</id><title>Update Dependency_Graph_SBOM_Cheat_Sheet.md</title><updated>2025-10-01T20:05:43+00:00</updated><link href="https://github.com/OWASP/CheatSheetSeries/pull/1842"/><link href="https://github.com/OWASP/CheatSheetSeries/pull/1842"/><published>2025-10-01T20:05:43+00:00</published></entry><entry><id>https://github.com/OWASP/CheatSheetSeries/pull/1844</id><title>Docs: Clarify SlidingExpiration guidance</title><updated>2025-10-08T01:38:59+00:00</updated><link href="https://github.com/OWASP/CheatSheetSeries/pull/1844"/><link href="https://github.com/OWASP/CheatSheetSeries/pull/1844"/><contributor><name>mackowski</name><uri>https://github.com/mackowski</uri></contributor><published>2025-10-08T01:38:59+00:00</published></entry><entry><id>https://github.com/OWASP/CheatSheetSeries/pull/1846</id><title>Update DOM_based_XSS_Prevention_Cheat_Sheet.md</title><updated>2025-10-10T09:34:43+00:00</updated><link href="https://github.com/OWASP/CheatSheetSeries/pull/1846"/><link href="https://github.com/OWASP/CheatSheetSeries/pull/1846"/><published>2025-10-10T09:34:43+00:00</published></entry><entry><id>https://github.com/OWASP/CheatSheetSeries/pull/1849</id><title>Update Threat_Modeling_Cheat_Sheet.md</title><updated>2025-10-10T09:32:53+00:00</updated><link href="https://github.com/OWASP/CheatSheetSeries/pull/1849"/><link href="https://github.com/OWASP/CheatSheetSeries/pull/1849"/><published>2025-10-10T09:32:53+00:00</published></entry><entry><id>https://github.com/OWASP/CheatSheetSeries/pull/1850</id><title>Replace django version mentioned explicitly in URL with /stable</title><updated>2025-10-10T09:30:34+00:00</updated><link href="https://github.com/OWASP/CheatSheetSeries/pull/1850"/><link href="https://github.com/OWASP/CheatSheetSeries/pull/1850"/><published>2025-10-10T09:30:34+00:00</published></entry><entry><id>https://github.com/OWASP/CheatSheetSeries/pull/1852</id><title>Add Cheat Sheet: NoSQL Security Cheat Sheet</title><updated>2025-10-20T12:47:00+00:00</updated><link href="https://github.com/OWASP/CheatSheetSeries/pull/1852"/><link href="https://github.com/OWASP/CheatSheetSeries/pull/1852"/><published>2025-10-20T12:47:00+00:00</published></entry><entry><id>https://github.com/OWASP/CheatSheetSeries/pull/1854</id><title>Update URL to contributing guidelines</title><updated>2025-10-17T13:34:38+00:00</updated><link href="https://github.com/OWASP/CheatSheetSeries/pull/1854"/><link href="https://github.com/OWASP/CheatSheetSeries/pull/1854"/><published>2025-10-17T13:34:38+00:00</published></entry><entry><id>https://github.com/OWASP/CheatSheetSeries/pull/1856</id><title>Update NPM Security Cheat Sheet</title><updated>2025-10-21T13:04:01+00:00</updated><link href="https://github.com/OWASP/CheatSheetSeries/pull/1856"/><link href="https://github.com/OWASP/CheatSheetSeries/pull/1856"/><published>2025-10-21T13:04:01+00:00</published></entry><entry><id>https://github.com/OWASP/CheatSheetSeries/pull/1858</id><title>NPM_Security_Cheet_Sheet - Artifact Governance</title><updated>2025-10-20T13:11:33+00:00</updated><link href="https://github.com/OWASP/CheatSheetSeries/pull/1858"/><link href="https://github.com/OWASP/CheatSheetSeries/pull/1858"/><published>2025-10-20T13:11:33+00:00</published></entry><entry><id>https://github.com/OWASP/CheatSheetSeries/pull/1861</id><title>Secure code review cheat sheet</title><updated>2025-10-21T20:43:17+00:00</updated><link href="https://github.com/OWASP/CheatSheetSeries/pull/1861"/><link href="https://github.com/OWASP/CheatSheetSeries/pull/1861"/><published>2025-10-21T20:43:17+00:00</published></entry><entry><id>https://github.com/OWASP/CheatSheetSeries/pull/1863</id><title>Add auto-fix capabilities to linting scripts</title><updated>2025-10-21T19:48:56+00:00</updated><link href="https://github.com/OWASP/CheatSheetSeries/pull/1863"/><link href="https://github.com/OWASP/CheatSheetSeries/pull/1863"/><published>2025-10-21T19:48:56+00:00</published></entry><entry><id>https://github.com/OWASP/CheatSheetSeries/pull/1864</id><title>Add implementation section to logging vocabulary cheat sheet</title><updated>2025-10-23T07:06:05+00:00</updated><link href="https://github.com/OWASP/CheatSheetSeries/pull/1864"/><link href="https://github.com/OWASP/CheatSheetSeries/pull/1864"/><published>2025-10-23T07:06:05+00:00</published></entry><entry><id>https://github.com/OWASP/CheatSheetSeries/pull/1871</id><title>Improve CAPTCHA section in credential stuffing prevention cheat sheet</title><updated>2025-11-14T14:20:59+00:00</updated><link href="https://github.com/OWASP/CheatSheetSeries/pull/1871"/><link href="https://github.com/OWASP/CheatSheetSeries/pull/1871"/><published>2025-11-14T14:20:59+00:00</published></entry><entry><id>https://github.com/OWASP/CheatSheetSeries/pull/1872</id><title>Potential fix for code scanning alert no. 1: Workflow does not contain permissions</title><updated>2025-10-31T18:57:21+00:00</updated><link href="https://github.com/OWASP/CheatSheetSeries/pull/1872"/><link href="https://github.com/OWASP/CheatSheetSeries/pull/1872"/><published>2025-10-31T18:57:21+00:00</published></entry><entry><id>https://github.com/OWASP/CheatSheetSeries/pull/1875</id><title>Update Fetch Metadata positioning</title><updated>2025-12-04T14:28:22+00:00</updated><link href="https://github.com/OWASP/CheatSheetSeries/pull/1875"/><link href="https://github.com/OWASP/CheatSheetSeries/pull/1875"/><published>2025-12-04T14:28:22+00:00</published></entry><entry><id>https://github.com/OWASP/CheatSheetSeries/pull/1881</id><title>Fix NSA Commercial Suite 2.0 link in Key Management Cheat Sheet</title><updated>2025-11-08T16:19:24+00:00</updated><link href="https://github.com/OWASP/CheatSheetSeries/pull/1881"/><link href="https://github.com/OWASP/CheatSheetSeries/pull/1881"/><published>2025-11-08T16:19:24+00:00</published></entry><entry><id>https://github.com/OWASP/CheatSheetSeries/pull/1886</id><title>Potential fix for code scanning alert no. 2: Workflow does not contain permissions</title><updated>2025-11-10T14:01:30+00:00</updated><link href="https://github.com/OWASP/CheatSheetSeries/pull/1886"/><link href="https://github.com/OWASP/CheatSheetSeries/pull/1886"/><published>2025-11-10T14:01:30+00:00</published></entry><entry><id>https://github.com/OWASP/CheatSheetSeries/pull/1887</id><title>Potential fix for code scanning alert no. 3: Workflow does not contain permissions</title><updated>2025-11-14T14:17:58+00:00</updated><link href="https://github.com/OWASP/CheatSheetSeries/pull/1887"/><link href="https://github.com/OWASP/CheatSheetSeries/pull/1887"/><published>2025-11-14T14:17:58+00:00</published></entry><entry><id>https://github.com/OWASP/CheatSheetSeries/pull/1888</id><title>Fix misleading comment for double-submit-cookie validation</title><updated>2025-11-14T14:04:22+00:00</updated><link href="https://github.com/OWASP/CheatSheetSeries/pull/1888"/><link href="https://github.com/OWASP/CheatSheetSeries/pull/1888"/><published>2025-11-14T14:04:22+00:00</published></entry><entry><id>https://github.com/OWASP/CheatSheetSeries/pull/1889</id><title>Update Clickjacking_defense_cheatsheet</title><updated>2025-11-14T14:18:42+00:00</updated><link href="https://github.com/OWASP/CheatSheetSeries/pull/1889"/><link href="https://github.com/OWASP/CheatSheetSeries/pull/1889"/><published>2025-11-14T14:18:42+00:00</published></entry><entry><id>https://github.com/OWASP/CheatSheetSeries/pull/1890</id><title>Update Database_Security_Cheat_Sheet.md</title><updated>2025-11-13T16:10:26+00:00</updated><link href="https://github.com/OWASP/CheatSheetSeries/pull/1890"/><link href="https://github.com/OWASP/CheatSheetSeries/pull/1890"/><published>2025-11-13T16:10:26+00:00</published></entry><entry><id>https://github.com/OWASP/CheatSheetSeries/pull/1893</id><title>Update FIPS 140-2 compliance references to include 140-3</title><updated>2025-11-18T11:53:05+00:00</updated><link href="https://github.com/OWASP/CheatSheetSeries/pull/1893"/><link href="https://github.com/OWASP/CheatSheetSeries/pull/1893"/><published>2025-11-18T11:53:05+00:00</published></entry><entry><id>https://github.com/OWASP/CheatSheetSeries/pull/1896</id><title>Update Kubernetes_Security_Cheat_Sheet.md</title><updated>2025-11-17T23:51:23+00:00</updated><link href="https://github.com/OWASP/CheatSheetSeries/pull/1896"/><link href="https://github.com/OWASP/CheatSheetSeries/pull/1896"/><published>2025-11-17T23:51:23+00:00</published></entry><entry><id>https://github.com/OWASP/CheatSheetSeries/pull/1897</id><title>Update Zero_Trust_Architecture_Cheat_Sheet.md</title><updated>2025-11-18T11:51:24+00:00</updated><link href="https://github.com/OWASP/CheatSheetSeries/pull/1897"/><link href="https://github.com/OWASP/CheatSheetSeries/pull/1897"/><published>2025-11-18T11:51:24+00:00</published></entry><entry><id>https://github.com/OWASP/CheatSheetSeries/pull/1898</id><title>Update Docker_Security_Cheat_Sheet.md</title><updated>2025-11-18T11:52:15+00:00</updated><link href="https://github.com/OWASP/CheatSheetSeries/pull/1898"/><link href="https://github.com/OWASP/CheatSheetSeries/pull/1898"/><published>2025-11-18T11:52:15+00:00</published></entry><entry><id>https://github.com/OWASP/CheatSheetSeries/pull/1899</id><title>Update: Drone Security - Add System integrity</title><updated>2025-11-19T02:50:00+00:00</updated><link href="https://github.com/OWASP/CheatSheetSeries/pull/1899"/><link href="https://github.com/OWASP/CheatSheetSeries/pull/1899"/><published>2025-11-19T02:50:00+00:00</published></entry><entry><id>https://github.com/OWASP/CheatSheetSeries/pull/1901</id><title>Fix lxml build error by installing system dependencies</title><updated>2025-11-19T02:56:49+00:00</updated><link href="https://github.com/OWASP/CheatSheetSeries/pull/1901"/><link href="https://github.com/OWASP/CheatSheetSeries/pull/1901"/><published>2025-11-19T02:56:49+00:00</published></entry><entry><id>https://github.com/OWASP/CheatSheetSeries/pull/1902</id><title>Update XML_External_Entity_Prevention_Cheat_Sheet.md</title><updated>2025-12-15T15:13:27+00:00</updated><link href="https://github.com/OWASP/CheatSheetSeries/pull/1902"/><link href="https://github.com/OWASP/CheatSheetSeries/pull/1902"/><published>2025-12-15T15:13:27+00:00</published></entry><entry><id>https://github.com/OWASP/CheatSheetSeries/pull/1903</id><title>Update AJAX_Security_Cheat_Sheet.md</title><updated>2025-11-19T17:05:36+00:00</updated><link href="https://github.com/OWASP/CheatSheetSeries/pull/1903"/><link href="https://github.com/OWASP/CheatSheetSeries/pull/1903"/><published>2025-11-19T17:05:36+00:00</published></entry><entry><id>https://github.com/OWASP/CheatSheetSeries/pull/1905</id><title>typo: inform that Content-Type is a mime type, not the example value</title><updated>2025-11-24T14:38:32+00:00</updated><link href="https://github.com/OWASP/CheatSheetSeries/pull/1905"/><link href="https://github.com/OWASP/CheatSheetSeries/pull/1905"/><published>2025-11-24T14:38:32+00:00</published></entry><entry><id>https://github.com/OWASP/CheatSheetSeries/pull/1908</id><title>Update LLM_Prompt_Injection_Prevention_Cheat_Sheet.md</title><updated>2025-12-03T06:31:00+00:00</updated><link href="https://github.com/OWASP/CheatSheetSeries/pull/1908"/><link href="https://github.com/OWASP/CheatSheetSeries/pull/1908"/><published>2025-12-03T06:31:00+00:00</published></entry><entry><id>https://github.com/OWASP/CheatSheetSeries/pull/1909</id><title>Update OWASP backronym: Web -&gt; Worldwide</title><updated>2025-12-01T14:23:17+00:00</updated><link href="https://github.com/OWASP/CheatSheetSeries/pull/1909"/><link href="https://github.com/OWASP/CheatSheetSeries/pull/1909"/><published>2025-12-01T14:23:17+00:00</published></entry><entry><id>https://github.com/OWASP/CheatSheetSeries/pull/1910</id><title>SSRF: Update the Semgrep rules section</title><updated>2025-12-03T06:38:09+00:00</updated><link href="https://github.com/OWASP/CheatSheetSeries/pull/1910"/><link href="https://github.com/OWASP/CheatSheetSeries/pull/1910"/><published>2025-12-03T06:38:09+00:00</published></entry><entry><id>https://github.com/OWASP/CheatSheetSeries/pull/1913</id><title>Update links in Threat Modeling cheat sheet</title><updated>2025-12-03T06:22:25+00:00</updated><link href="https://github.com/OWASP/CheatSheetSeries/pull/1913"/><link href="https://github.com/OWASP/CheatSheetSeries/pull/1913"/><published>2025-12-03T06:22:25+00:00</published></entry><entry><id>https://github.com/OWASP/CheatSheetSeries/pull/1914</id><title>Fix punctuation/typos/grammar in Secrets Management Cheat Sheet</title><updated>2025-12-05T23:06:49+00:00</updated><link href="https://github.com/OWASP/CheatSheetSeries/pull/1914"/><link href="https://github.com/OWASP/CheatSheetSeries/pull/1914"/><published>2025-12-05T23:06:49+00:00</published></entry><entry><id>https://github.com/OWASP/CheatSheetSeries/pull/1915</id><title>Update: Authentication Cheat Sheet</title><updated>2025-12-10T21:23:49+00:00</updated><link href="https://github.com/OWASP/CheatSheetSeries/pull/1915"/><link href="https://github.com/OWASP/CheatSheetSeries/pull/1915"/><published>2025-12-10T21:23:49+00:00</published></entry><entry><id>https://github.com/OWASP/CheatSheetSeries/pull/1916</id><title>Bump urllib3 from 2.5.0 to 2.6.0 in the pip group across 1 directory</title><updated>2025-12-08T14:29:49+00:00</updated><link href="https://github.com/OWASP/CheatSheetSeries/pull/1916"/><link href="https://github.com/OWASP/CheatSheetSeries/pull/1916"/><published>2025-12-08T14:29:49+00:00</published></entry><entry><id>https://github.com/OWASP/CheatSheetSeries/pull/1917</id><title>Fix visual prompt injection research link in LLM Prompt Injection Pre…</title><updated>2025-12-08T14:30:12+00:00</updated><link href="https://github.com/OWASP/CheatSheetSeries/pull/1917"/><link href="https://github.com/OWASP/CheatSheetSeries/pull/1917"/><published>2025-12-08T14:30:12+00:00</published></entry><entry><id>https://github.com/OWASP/CheatSheetSeries/pull/1921</id><title>Update: Credential Stuffing Prevention Cheat Sheet</title><updated>2025-12-10T15:12:56+00:00</updated><link href="https://github.com/OWASP/CheatSheetSeries/pull/1921"/><link href="https://github.com/OWASP/CheatSheetSeries/pull/1921"/><published>2025-12-10T15:12:56+00:00</published></entry><entry><id>https://github.com/OWASP/CheatSheetSeries/pull/1923</id><title>Update Browser_Extension_Vulnerabilities_Cheat_Sheet.md</title><updated>2025-12-15T13:45:52+00:00</updated><link href="https://github.com/OWASP/CheatSheetSeries/pull/1923"/><link href="https://github.com/OWASP/CheatSheetSeries/pull/1923"/><published>2025-12-15T13:45:52+00:00</published></entry><entry><id>https://github.com/OWASP/CheatSheetSeries/pull/1926</id><title>New Cheat sheet: AI_Agent_Security_Cheat_Sheet.md</title><updated>2025-12-17T09:48:01+00:00</updated><link href="https://github.com/OWASP/CheatSheetSeries/pull/1926"/><link href="https://github.com/OWASP/CheatSheetSeries/pull/1926"/><published>2025-12-17T09:48:01+00:00</published></entry><entry><id>https://github.com/OWASP/CheatSheetSeries/pull/1927</id><title>Update: Table of Contents for CSRF Cheat Sheet #1892</title><updated>2025-12-15T15:11:06+00:00</updated><link href="https://github.com/OWASP/CheatSheetSeries/pull/1927"/><link href="https://github.com/OWASP/CheatSheetSeries/pull/1927"/><published>2025-12-15T15:11:06+00:00</published></entry><entry><id>https://github.com/OWASP/CheatSheetSeries/pull/1929</id><title>provide guidance on use of AI</title><updated>2025-12-17T09:44:16+00:00</updated><link href="https://github.com/OWASP/CheatSheetSeries/pull/1929"/><link href="https://github.com/OWASP/CheatSheetSeries/pull/1929"/><published>2025-12-17T09:44:16+00:00</published></entry><entry><id>https://github.com/OWASP/CheatSheetSeries/pull/1932</id><title>Update: Multifactor Authentication - OTP Handling and Storage</title><updated>2025-12-19T15:13:06+00:00</updated><link href="https://github.com/OWASP/CheatSheetSeries/pull/1932"/><link href="https://github.com/OWASP/CheatSheetSeries/pull/1932"/><published>2025-12-19T15:13:06+00:00</published></entry><entry><id>https://github.com/OWASP/CheatSheetSeries/pull/1933</id><title>Bump pymdown-extensions from 10.12 to 10.16.1 in the pip group across 1 directory</title><updated>2025-12-17T09:49:11+00:00</updated><link href="https://github.com/OWASP/CheatSheetSeries/pull/1933"/><link href="https://github.com/OWASP/CheatSheetSeries/pull/1933"/><published>2025-12-17T09:49:11+00:00</published></entry><entry><id>https://github.com/OWASP/CheatSheetSeries/pull/1934</id><title>Minor Typo fix in Forgot Password Cheat Sheet.</title><updated>2025-12-19T12:42:33+00:00</updated><link href="https://github.com/OWASP/CheatSheetSeries/pull/1934"/><link href="https://github.com/OWASP/CheatSheetSeries/pull/1934"/><published>2025-12-19T12:42:33+00:00</published></entry><entry><id>https://github.com/OWASP/CheatSheetSeries/pull/1935</id><title>Revert "Update: Table of Contents for CSRF Cheat Sheet #1892 (#1927)"</title><updated>2025-12-24T16:08:24+00:00</updated><link href="https://github.com/OWASP/CheatSheetSeries/pull/1935"/><link href="https://github.com/OWASP/CheatSheetSeries/pull/1935"/><published>2025-12-24T16:08:24+00:00</published></entry></feed>