<?xml version='1.0' encoding='UTF-8'?>
<feed xmlns="http://www.w3.org/2005/Atom" xml:lang="en"><id>https://cheatsheetseries.owasp.org/</id><title>OWASP Cheat Sheet Series update</title><updated>2025-08-12T17:02:29+00:00</updated><author><name>Core team</name><email>dominique.righetto@owasp.org</email></author><link href="https://cheatsheetseries.owasp.org" rel="self"/><link href="https://github.com/OWASP/CheatSheetSeries" rel="alternate"/><generator uri="https://lkiesow.github.io/python-feedgen" version="1.0.0">python-feedgen</generator><icon>https://cheatsheetseries.owasp.org/gitbook/images/favicon.ico</icon><subtitle>List of the last updates on the content</subtitle><entry><id>https://github.com/OWASP/CheatSheetSeries/pull/1594</id><title>Update NPM_Security_Cheat_Sheet.md spelling error</title><updated>2025-01-17T13:05:52+00:00</updated><link href="https://github.com/OWASP/CheatSheetSeries/pull/1594"/><link href="https://github.com/OWASP/CheatSheetSeries/pull/1594"/><published>2025-01-17T13:05:52+00:00</published></entry><entry><id>https://github.com/OWASP/CheatSheetSeries/pull/1595</id><title>Update Session_Management_Cheat_Sheet.md possession and plural change</title><updated>2025-01-24T08:00:55+00:00</updated><link href="https://github.com/OWASP/CheatSheetSeries/pull/1595"/><link href="https://github.com/OWASP/CheatSheetSeries/pull/1595"/><published>2025-01-24T08:00:55+00:00</published></entry><entry><id>https://github.com/OWASP/CheatSheetSeries/pull/1597</id><title>Upate threat modeling cheatsheet</title><updated>2025-01-28T13:55:41+00:00</updated><link href="https://github.com/OWASP/CheatSheetSeries/pull/1597"/><link href="https://github.com/OWASP/CheatSheetSeries/pull/1597"/><published>2025-01-28T13:55:41+00:00</published></entry><entry><id>https://github.com/OWASP/CheatSheetSeries/pull/1599</id><title>Remove outdated Expect-CT advice from Node cheatsheet. Fixes #1598</title><updated>2025-02-02T06:41:59+00:00</updated><link href="https://github.com/OWASP/CheatSheetSeries/pull/1599"/><link href="https://github.com/OWASP/CheatSheetSeries/pull/1599"/><published>2025-02-02T06:41:59+00:00</published></entry><entry><id>https://github.com/OWASP/CheatSheetSeries/pull/1600</id><title>Fix typo in Kubernetes_Security_Cheat_Sheet.md</title><updated>2025-01-29T13:43:10+00:00</updated><link href="https://github.com/OWASP/CheatSheetSeries/pull/1600"/><link href="https://github.com/OWASP/CheatSheetSeries/pull/1600"/><published>2025-01-29T13:43:10+00:00</published></entry><entry><id>https://github.com/OWASP/CheatSheetSeries/pull/1602</id><title>Updated cheat sheet: Removed EMET and added new recommendations.</title><updated>2025-02-02T06:45:31+00:00</updated><link href="https://github.com/OWASP/CheatSheetSeries/pull/1602"/><link href="https://github.com/OWASP/CheatSheetSeries/pull/1602"/><published>2025-02-02T06:45:31+00:00</published></entry><entry><id>https://github.com/OWASP/CheatSheetSeries/pull/1603</id><title>Update Cross_Site_Scripting_Prevention_Cheat_Sheet.md to remove duplicate wording</title><updated>2025-02-03T14:21:20+00:00</updated><link href="https://github.com/OWASP/CheatSheetSeries/pull/1603"/><link href="https://github.com/OWASP/CheatSheetSeries/pull/1603"/><published>2025-02-03T14:21:20+00:00</published></entry><entry><id>https://github.com/OWASP/CheatSheetSeries/pull/1604</id><title>Update Input_Validation_Cheat_Sheet.md missing capitalisation.</title><updated>2025-02-03T14:19:53+00:00</updated><link href="https://github.com/OWASP/CheatSheetSeries/pull/1604"/><link href="https://github.com/OWASP/CheatSheetSeries/pull/1604"/><published>2025-02-03T14:19:53+00:00</published></entry><entry><id>https://github.com/OWASP/CheatSheetSeries/pull/1606</id><title>Change Open Web Application Security Project to Open Worldwide Applic…</title><updated>2025-02-03T14:21:45+00:00</updated><link href="https://github.com/OWASP/CheatSheetSeries/pull/1606"/><link href="https://github.com/OWASP/CheatSheetSeries/pull/1606"/><published>2025-02-03T14:21:45+00:00</published></entry><entry><id>https://github.com/OWASP/CheatSheetSeries/pull/1608</id><title>Update Credential_Stuffing_Prevention_Cheat_Sheet.md</title><updated>2025-02-04T13:17:16+00:00</updated><link href="https://github.com/OWASP/CheatSheetSeries/pull/1608"/><link href="https://github.com/OWASP/CheatSheetSeries/pull/1608"/><published>2025-02-04T13:17:16+00:00</published></entry><entry><id>https://github.com/OWASP/CheatSheetSeries/pull/1610</id><title>Update Password_Storage_Cheat_Sheet.md</title><updated>2025-02-04T13:17:03+00:00</updated><link href="https://github.com/OWASP/CheatSheetSeries/pull/1610"/><link href="https://github.com/OWASP/CheatSheetSeries/pull/1610"/><published>2025-02-04T13:17:03+00:00</published></entry><entry><id>https://github.com/OWASP/CheatSheetSeries/pull/1611</id><title>Fix typos in multiple cheatsheets</title><updated>2025-02-05T09:56:44+00:00</updated><link href="https://github.com/OWASP/CheatSheetSeries/pull/1611"/><link href="https://github.com/OWASP/CheatSheetSeries/pull/1611"/><published>2025-02-05T09:56:44+00:00</published></entry><entry><id>https://github.com/OWASP/CheatSheetSeries/pull/1612</id><title>added the drone security cheatsheet</title><updated>2025-02-20T13:54:33+00:00</updated><link href="https://github.com/OWASP/CheatSheetSeries/pull/1612"/><link href="https://github.com/OWASP/CheatSheetSeries/pull/1612"/><published>2025-02-20T13:54:33+00:00</published></entry><entry><id>https://github.com/OWASP/CheatSheetSeries/pull/1614</id><title>Update XML_External_Entity_Prevention_Cheat_Sheet.md</title><updated>2025-02-19T14:00:09+00:00</updated><link href="https://github.com/OWASP/CheatSheetSeries/pull/1614"/><link href="https://github.com/OWASP/CheatSheetSeries/pull/1614"/><published>2025-02-19T14:00:09+00:00</published></entry><entry><id>https://github.com/OWASP/CheatSheetSeries/pull/1615</id><title>Cookie Theft Mitigation Cheat Sheet</title><updated>2025-02-28T15:22:15+00:00</updated><link href="https://github.com/OWASP/CheatSheetSeries/pull/1615"/><link href="https://github.com/OWASP/CheatSheetSeries/pull/1615"/><published>2025-02-28T15:22:15+00:00</published></entry><entry><id>https://github.com/OWASP/CheatSheetSeries/pull/1616</id><title>Minor grammar fixes to the Docker Security Cheatsheet</title><updated>2025-02-28T15:19:35+00:00</updated><link href="https://github.com/OWASP/CheatSheetSeries/pull/1616"/><link href="https://github.com/OWASP/CheatSheetSeries/pull/1616"/><published>2025-02-28T15:19:35+00:00</published></entry><entry><id>https://github.com/OWASP/CheatSheetSeries/pull/1617</id><title>Tweak ZAP references</title><updated>2025-02-25T14:51:34+00:00</updated><link href="https://github.com/OWASP/CheatSheetSeries/pull/1617"/><link href="https://github.com/OWASP/CheatSheetSeries/pull/1617"/><published>2025-02-25T14:51:34+00:00</published></entry><entry><id>https://github.com/OWASP/CheatSheetSeries/pull/1618</id><title>PR for issue#1458</title><updated>2025-02-26T21:02:21+00:00</updated><link href="https://github.com/OWASP/CheatSheetSeries/pull/1618"/><link href="https://github.com/OWASP/CheatSheetSeries/pull/1618"/><published>2025-02-26T21:02:21+00:00</published></entry><entry><id>https://github.com/OWASP/CheatSheetSeries/pull/1619</id><title>move Cookie Theft Mitigation from cheatsheet_draft/ to cheatsheet/</title><updated>2025-02-28T20:12:13+00:00</updated><link href="https://github.com/OWASP/CheatSheetSeries/pull/1619"/><link href="https://github.com/OWASP/CheatSheetSeries/pull/1619"/><published>2025-02-28T20:12:13+00:00</published></entry><entry><id>https://github.com/OWASP/CheatSheetSeries/pull/1621</id><title>docs(django): Remove unsupported setting</title><updated>2025-03-06T00:42:45+00:00</updated><link href="https://github.com/OWASP/CheatSheetSeries/pull/1621"/><link href="https://github.com/OWASP/CheatSheetSeries/pull/1621"/><published>2025-03-06T00:42:45+00:00</published></entry><entry><id>https://github.com/OWASP/CheatSheetSeries/pull/1622</id><title>Fixing problems with inconsistent log rules</title><updated>2025-03-06T13:50:02+00:00</updated><link href="https://github.com/OWASP/CheatSheetSeries/pull/1622"/><link href="https://github.com/OWASP/CheatSheetSeries/pull/1622"/><published>2025-03-06T13:50:02+00:00</published></entry><entry><id>https://github.com/OWASP/CheatSheetSeries/pull/1624</id><title>Removed dead link in NodeJS Docker Cheat Sheet</title><updated>2025-03-10T13:44:29+00:00</updated><link href="https://github.com/OWASP/CheatSheetSeries/pull/1624"/><link href="https://github.com/OWASP/CheatSheetSeries/pull/1624"/><published>2025-03-10T13:44:29+00:00</published></entry><entry><id>https://github.com/OWASP/CheatSheetSeries/pull/1626</id><title>Rename Drone Security Cheat Sheet</title><updated>2025-03-11T20:35:58+00:00</updated><link href="https://github.com/OWASP/CheatSheetSeries/pull/1626"/><link href="https://github.com/OWASP/CheatSheetSeries/pull/1626"/><published>2025-03-11T20:35:58+00:00</published></entry><entry><id>https://github.com/OWASP/CheatSheetSeries/pull/1628</id><title>Optimise Dockerfile for build cache</title><updated>2025-03-26T15:32:15+00:00</updated><link href="https://github.com/OWASP/CheatSheetSeries/pull/1628"/><link href="https://github.com/OWASP/CheatSheetSeries/pull/1628"/><published>2025-03-26T15:32:15+00:00</published></entry><entry><id>https://github.com/OWASP/CheatSheetSeries/pull/1630</id><title>Update Browser Extension Security Cheat Sheet</title><updated>2025-04-10T08:41:34+00:00</updated><link href="https://github.com/OWASP/CheatSheetSeries/pull/1630"/><link href="https://github.com/OWASP/CheatSheetSeries/pull/1630"/><published>2025-04-10T08:41:34+00:00</published></entry><entry><id>https://github.com/OWASP/CheatSheetSeries/pull/1632</id><title>Fix false positive/negative error in Cookie Theft Mitigation</title><updated>2025-04-11T22:50:10+00:00</updated><link href="https://github.com/OWASP/CheatSheetSeries/pull/1632"/><link href="https://github.com/OWASP/CheatSheetSeries/pull/1632"/><published>2025-04-11T22:50:10+00:00</published></entry><entry><id>https://github.com/OWASP/CheatSheetSeries/pull/1633</id><title>Broke into general log use cases + security use cases.</title><updated>2025-03-26T15:31:14+00:00</updated><link href="https://github.com/OWASP/CheatSheetSeries/pull/1633"/><link href="https://github.com/OWASP/CheatSheetSeries/pull/1633"/><published>2025-03-26T15:31:14+00:00</published></entry><entry><id>https://github.com/OWASP/CheatSheetSeries/pull/1634</id><title>Add HMAC validation pseudocode.</title><updated>2025-04-22T13:39:35+00:00</updated><link href="https://github.com/OWASP/CheatSheetSeries/pull/1634"/><link href="https://github.com/OWASP/CheatSheetSeries/pull/1634"/><published>2025-04-22T13:39:35+00:00</published></entry><entry><id>https://github.com/OWASP/CheatSheetSeries/pull/1635</id><title>Use the correct article in front of the XSS abbreviation</title><updated>2025-03-26T15:29:16+00:00</updated><link href="https://github.com/OWASP/CheatSheetSeries/pull/1635"/><link href="https://github.com/OWASP/CheatSheetSeries/pull/1635"/><published>2025-03-26T15:29:16+00:00</published></entry><entry><id>https://github.com/OWASP/CheatSheetSeries/pull/1637</id><title>Update Authentication_Cheat_Sheet.md</title><updated>2025-04-01T12:00:59+00:00</updated><link href="https://github.com/OWASP/CheatSheetSeries/pull/1637"/><link href="https://github.com/OWASP/CheatSheetSeries/pull/1637"/><published>2025-04-01T12:00:59+00:00</published></entry><entry><id>https://github.com/OWASP/CheatSheetSeries/pull/1638</id><title>Rework text and add some content that was removed from ASVS.</title><updated>2025-04-08T22:32:02+00:00</updated><link href="https://github.com/OWASP/CheatSheetSeries/pull/1638"/><link href="https://github.com/OWASP/CheatSheetSeries/pull/1638"/><published>2025-04-08T22:32:02+00:00</published></entry><entry><id>https://github.com/OWASP/CheatSheetSeries/pull/1639</id><title>Remove link that no longer contains information</title><updated>2025-04-08T22:32:34+00:00</updated><link href="https://github.com/OWASP/CheatSheetSeries/pull/1639"/><link href="https://github.com/OWASP/CheatSheetSeries/pull/1639"/><published>2025-04-08T22:32:34+00:00</published></entry><entry><id>https://github.com/OWASP/CheatSheetSeries/pull/1640</id><title>Fix incorrect use of false positives/negatives in Cookie Theft Mitigation (Fixes #1631)</title><updated>2025-04-08T16:42:47+00:00</updated><link href="https://github.com/OWASP/CheatSheetSeries/pull/1640"/><link href="https://github.com/OWASP/CheatSheetSeries/pull/1640"/><published>2025-04-08T16:42:47+00:00</published></entry><entry><id>https://github.com/OWASP/CheatSheetSeries/pull/1642</id><title>Update Session_Management_Cheat_Sheet.md</title><updated>2025-04-11T22:49:34+00:00</updated><link href="https://github.com/OWASP/CheatSheetSeries/pull/1642"/><link href="https://github.com/OWASP/CheatSheetSeries/pull/1642"/><published>2025-04-11T22:49:34+00:00</published></entry><entry><id>https://github.com/OWASP/CheatSheetSeries/pull/1643</id><title>Update Bean_Validation_Cheat_Sheet.md</title><updated>2025-04-14T14:21:16+00:00</updated><link href="https://github.com/OWASP/CheatSheetSeries/pull/1643"/><link href="https://github.com/OWASP/CheatSheetSeries/pull/1643"/><published>2025-04-14T14:21:16+00:00</published></entry><entry><id>https://github.com/OWASP/CheatSheetSeries/pull/1644</id><title>Update Cross-Site_Request_Forgery_Prevention_Cheat_Sheet - issue 1535</title><updated>2025-04-15T12:43:50+00:00</updated><link href="https://github.com/OWASP/CheatSheetSeries/pull/1644"/><link href="https://github.com/OWASP/CheatSheetSeries/pull/1644"/><published>2025-04-15T12:43:50+00:00</published></entry><entry><id>https://github.com/OWASP/CheatSheetSeries/pull/1645</id><title>Update Session Management Cheat Sheet: use Cache-Control: no-store</title><updated>2025-04-14T14:28:06+00:00</updated><link href="https://github.com/OWASP/CheatSheetSeries/pull/1645"/><link href="https://github.com/OWASP/CheatSheetSeries/pull/1645"/><published>2025-04-14T14:28:06+00:00</published></entry><entry><id>https://github.com/OWASP/CheatSheetSeries/pull/1647</id><title>Update Authentication_Cheat_Sheet.md</title><updated>2025-04-17T14:55:45+00:00</updated><link href="https://github.com/OWASP/CheatSheetSeries/pull/1647"/><link href="https://github.com/OWASP/CheatSheetSeries/pull/1647"/><published>2025-04-17T14:55:45+00:00</published></entry><entry><id>https://github.com/OWASP/CheatSheetSeries/pull/1648</id><title>Spelling error fix on XXE cheat sheet under dot net. </title><updated>2025-04-22T13:41:21+00:00</updated><link href="https://github.com/OWASP/CheatSheetSeries/pull/1648"/><link href="https://github.com/OWASP/CheatSheetSeries/pull/1648"/><published>2025-04-22T13:41:21+00:00</published></entry><entry><id>https://github.com/OWASP/CheatSheetSeries/pull/1649</id><title>fix: missing spell of a filename</title><updated>2025-04-22T19:53:57+00:00</updated><link href="https://github.com/OWASP/CheatSheetSeries/pull/1649"/><link href="https://github.com/OWASP/CheatSheetSeries/pull/1649"/><published>2025-04-22T19:53:57+00:00</published></entry><entry><id>https://github.com/OWASP/CheatSheetSeries/pull/1650</id><title>Promote @szh and @kwwall to project leaders</title><updated>2025-04-22T20:22:08+00:00</updated><link href="https://github.com/OWASP/CheatSheetSeries/pull/1650"/><link href="https://github.com/OWASP/CheatSheetSeries/pull/1650"/><contributor><name>jmanico</name><uri>https://github.com/jmanico</uri></contributor><published>2025-04-22T20:22:08+00:00</published></entry><entry><id>https://github.com/OWASP/CheatSheetSeries/pull/1651</id><title>Update recommendation about safe strings in Django templates</title><updated>2025-04-23T15:53:07+00:00</updated><link href="https://github.com/OWASP/CheatSheetSeries/pull/1651"/><link href="https://github.com/OWASP/CheatSheetSeries/pull/1651"/><published>2025-04-23T15:53:07+00:00</published></entry><entry><id>https://github.com/OWASP/CheatSheetSeries/pull/1652</id><title>XSS_Filter_Evasion_Cheat_Sheet: Fix Markdown link syntax</title><updated>2025-04-24T15:25:12+00:00</updated><link href="https://github.com/OWASP/CheatSheetSeries/pull/1652"/><link href="https://github.com/OWASP/CheatSheetSeries/pull/1652"/><published>2025-04-24T15:25:12+00:00</published></entry><entry><id>https://github.com/OWASP/CheatSheetSeries/pull/1653</id><title>Update links to Django docs</title><updated>2025-04-29T13:22:55+00:00</updated><link href="https://github.com/OWASP/CheatSheetSeries/pull/1653"/><link href="https://github.com/OWASP/CheatSheetSeries/pull/1653"/><published>2025-04-29T13:22:55+00:00</published></entry><entry><id>https://github.com/OWASP/CheatSheetSeries/pull/1654</id><title>Move @kwwall to Core Team at his request</title><updated>2025-04-30T17:47:39+00:00</updated><link href="https://github.com/OWASP/CheatSheetSeries/pull/1654"/><link href="https://github.com/OWASP/CheatSheetSeries/pull/1654"/><published>2025-04-30T17:47:39+00:00</published></entry><entry><id>https://github.com/OWASP/CheatSheetSeries/pull/1656</id><title>Update Kubernetes_Security_Cheat_Sheet.md</title><updated>2025-05-01T17:36:59+00:00</updated><link href="https://github.com/OWASP/CheatSheetSeries/pull/1656"/><link href="https://github.com/OWASP/CheatSheetSeries/pull/1656"/><published>2025-05-01T17:36:59+00:00</published></entry><entry><id>https://github.com/OWASP/CheatSheetSeries/pull/1657</id><title>Add some content on adaptive auth</title><updated>2025-05-19T11:20:36+00:00</updated><link href="https://github.com/OWASP/CheatSheetSeries/pull/1657"/><link href="https://github.com/OWASP/CheatSheetSeries/pull/1657"/><published>2025-05-19T11:20:36+00:00</published></entry><entry><id>https://github.com/OWASP/CheatSheetSeries/pull/1661</id><title>Logging vocab updates</title><updated>2025-05-06T19:53:28+00:00</updated><link href="https://github.com/OWASP/CheatSheetSeries/pull/1661"/><link href="https://github.com/OWASP/CheatSheetSeries/pull/1661"/><published>2025-05-06T19:53:28+00:00</published></entry><entry><id>https://github.com/OWASP/CheatSheetSeries/pull/1662</id><title>Migrate to new datetime API</title><updated>2025-05-06T19:56:17+00:00</updated><link href="https://github.com/OWASP/CheatSheetSeries/pull/1662"/><link href="https://github.com/OWASP/CheatSheetSeries/pull/1662"/><published>2025-05-06T19:56:17+00:00</published></entry><entry><id>https://github.com/OWASP/CheatSheetSeries/pull/1664</id><title>add recommendations on hardware backed security &amp; attestation checks</title><updated>2025-05-19T19:38:47+00:00</updated><link href="https://github.com/OWASP/CheatSheetSeries/pull/1664"/><link href="https://github.com/OWASP/CheatSheetSeries/pull/1664"/><published>2025-05-19T19:38:47+00:00</published></entry><entry><id>https://github.com/OWASP/CheatSheetSeries/pull/1666</id><title>remove IE references</title><updated>2025-05-19T11:19:14+00:00</updated><link href="https://github.com/OWASP/CheatSheetSeries/pull/1666"/><link href="https://github.com/OWASP/CheatSheetSeries/pull/1666"/><published>2025-05-19T11:19:14+00:00</published></entry><entry><id>https://github.com/OWASP/CheatSheetSeries/pull/1671</id><title>Add updates to CSRF Prevention in modern frameworks</title><updated>2025-05-20T13:15:20+00:00</updated><link href="https://github.com/OWASP/CheatSheetSeries/pull/1671"/><link href="https://github.com/OWASP/CheatSheetSeries/pull/1671"/><published>2025-05-20T13:15:20+00:00</published></entry><entry><id>https://github.com/OWASP/CheatSheetSeries/pull/1672</id><title>clarify vulnerabilities of naive double-submit and emphasize required session binding</title><updated>2025-05-26T13:54:35+00:00</updated><link href="https://github.com/OWASP/CheatSheetSeries/pull/1672"/><link href="https://github.com/OWASP/CheatSheetSeries/pull/1672"/><published>2025-05-26T13:54:35+00:00</published></entry><entry><id>https://github.com/OWASP/CheatSheetSeries/pull/1673</id><title>standardize csrf header name</title><updated>2025-06-10T13:14:15+00:00</updated><link href="https://github.com/OWASP/CheatSheetSeries/pull/1673"/><link href="https://github.com/OWASP/CheatSheetSeries/pull/1673"/><published>2025-06-10T13:14:15+00:00</published></entry><entry><id>https://github.com/OWASP/CheatSheetSeries/pull/1674</id><title>update javascript examples</title><updated>2025-05-26T13:52:23+00:00</updated><link href="https://github.com/OWASP/CheatSheetSeries/pull/1674"/><link href="https://github.com/OWASP/CheatSheetSeries/pull/1674"/><published>2025-05-26T13:52:23+00:00</published></entry><entry><id>https://github.com/OWASP/CheatSheetSeries/pull/1675</id><title>add typescript example</title><updated>2025-06-10T13:13:42+00:00</updated><link href="https://github.com/OWASP/CheatSheetSeries/pull/1675"/><link href="https://github.com/OWASP/CheatSheetSeries/pull/1675"/><published>2025-06-10T13:13:42+00:00</published></entry><entry><id>https://github.com/OWASP/CheatSheetSeries/pull/1676</id><title>docs: fixing grammar on authorization cheat sheet</title><updated>2025-05-23T08:01:21+00:00</updated><link href="https://github.com/OWASP/CheatSheetSeries/pull/1676"/><link href="https://github.com/OWASP/CheatSheetSeries/pull/1676"/><published>2025-05-23T08:01:21+00:00</published></entry><entry><id>https://github.com/OWASP/CheatSheetSeries/pull/1677</id><title>change outdated information</title><updated>2025-05-26T13:49:28+00:00</updated><link href="https://github.com/OWASP/CheatSheetSeries/pull/1677"/><link href="https://github.com/OWASP/CheatSheetSeries/pull/1677"/><published>2025-05-26T13:49:28+00:00</published></entry><entry><id>https://github.com/OWASP/CheatSheetSeries/pull/1678</id><title>add llm prompt injection cheatsheet</title><updated>2025-05-26T13:48:24+00:00</updated><link href="https://github.com/OWASP/CheatSheetSeries/pull/1678"/><link href="https://github.com/OWASP/CheatSheetSeries/pull/1678"/><published>2025-05-26T13:48:24+00:00</published></entry><entry><id>https://github.com/OWASP/CheatSheetSeries/pull/1680</id><title>docs: fix grammar and clarify JWT token replay prevention strategy</title><updated>2025-05-26T13:45:10+00:00</updated><link href="https://github.com/OWASP/CheatSheetSeries/pull/1680"/><link href="https://github.com/OWASP/CheatSheetSeries/pull/1680"/><published>2025-05-26T13:45:10+00:00</published></entry><entry><id>https://github.com/OWASP/CheatSheetSeries/pull/1681</id><title>rename fundamental to common</title><updated>2025-05-29T17:47:40+00:00</updated><link href="https://github.com/OWASP/CheatSheetSeries/pull/1681"/><link href="https://github.com/OWASP/CheatSheetSeries/pull/1681"/><published>2025-05-29T17:47:40+00:00</published></entry><entry><id>https://github.com/OWASP/CheatSheetSeries/pull/1682</id><title>add Typoglycemia &amp; BoN techniques</title><updated>2025-06-03T20:13:28+00:00</updated><link href="https://github.com/OWASP/CheatSheetSeries/pull/1682"/><link href="https://github.com/OWASP/CheatSheetSeries/pull/1682"/><published>2025-06-03T20:13:28+00:00</published></entry><entry><id>https://github.com/OWASP/CheatSheetSeries/pull/1684</id><title>Enhance SAXBuilder's XXE fix by disabling external DTDs</title><updated>2025-06-04T08:12:33+00:00</updated><link href="https://github.com/OWASP/CheatSheetSeries/pull/1684"/><link href="https://github.com/OWASP/CheatSheetSeries/pull/1684"/><published>2025-06-04T08:12:33+00:00</published></entry><entry><id>https://github.com/OWASP/CheatSheetSeries/pull/1685</id><title>add ZTA cheatsheet</title><updated>2025-06-11T12:51:43+00:00</updated><link href="https://github.com/OWASP/CheatSheetSeries/pull/1685"/><link href="https://github.com/OWASP/CheatSheetSeries/pull/1685"/><published>2025-06-11T12:51:43+00:00</published></entry><entry><id>https://github.com/OWASP/CheatSheetSeries/pull/1687</id><title>Adaptive auth section</title><updated>2025-06-11T18:59:36+00:00</updated><link href="https://github.com/OWASP/CheatSheetSeries/pull/1687"/><link href="https://github.com/OWASP/CheatSheetSeries/pull/1687"/><published>2025-06-11T18:59:36+00:00</published></entry><entry><id>https://github.com/OWASP/CheatSheetSeries/pull/1688</id><title>Bump requests from 2.32.3 to 2.32.4</title><updated>2025-06-11T12:52:44+00:00</updated><link href="https://github.com/OWASP/CheatSheetSeries/pull/1688"/><link href="https://github.com/OWASP/CheatSheetSeries/pull/1688"/><published>2025-06-11T12:52:44+00:00</published></entry><entry><id>https://github.com/OWASP/CheatSheetSeries/pull/1689</id><title>Bump jinja2 from 3.1.4 to 3.1.6</title><updated>2025-06-11T12:52:21+00:00</updated><link href="https://github.com/OWASP/CheatSheetSeries/pull/1689"/><link href="https://github.com/OWASP/CheatSheetSeries/pull/1689"/><published>2025-06-11T12:52:21+00:00</published></entry><entry><id>https://github.com/OWASP/CheatSheetSeries/pull/1692</id><title>Add guidance for reauthentication after risk events</title><updated>2025-06-12T18:48:59+00:00</updated><link href="https://github.com/OWASP/CheatSheetSeries/pull/1692"/><link href="https://github.com/OWASP/CheatSheetSeries/pull/1692"/><published>2025-06-12T18:48:59+00:00</published></entry><entry><id>https://github.com/OWASP/CheatSheetSeries/pull/1695</id><title>Feature/image for drone security cheat sheet</title><updated>2025-06-17T15:34:19+00:00</updated><link href="https://github.com/OWASP/CheatSheetSeries/pull/1695"/><link href="https://github.com/OWASP/CheatSheetSeries/pull/1695"/><published>2025-06-17T15:34:19+00:00</published></entry><entry><id>https://github.com/OWASP/CheatSheetSeries/pull/1699</id><title>Update dependencies; fix lint errors</title><updated>2025-06-17T15:58:36+00:00</updated><link href="https://github.com/OWASP/CheatSheetSeries/pull/1699"/><link href="https://github.com/OWASP/CheatSheetSeries/pull/1699"/><contributor><name>szh</name><uri>https://github.com/szh</uri></contributor><published>2025-06-17T15:58:36+00:00</published></entry><entry><id>https://github.com/OWASP/CheatSheetSeries/pull/1700</id><title>Small typo fix</title><updated>2025-06-20T14:47:16+00:00</updated><link href="https://github.com/OWASP/CheatSheetSeries/pull/1700"/><link href="https://github.com/OWASP/CheatSheetSeries/pull/1700"/><published>2025-06-20T14:47:16+00:00</published></entry><entry><id>https://github.com/OWASP/CheatSheetSeries/pull/1702</id><title>Fix links in Network_Segmentation_Cheat_Sheet</title><updated>2025-06-20T14:48:09+00:00</updated><link href="https://github.com/OWASP/CheatSheetSeries/pull/1702"/><link href="https://github.com/OWASP/CheatSheetSeries/pull/1702"/><published>2025-06-20T14:48:09+00:00</published></entry><entry><id>https://github.com/OWASP/CheatSheetSeries/pull/1706</id><title>Fix typo in XSS cheatsheet</title><updated>2025-06-20T13:29:34+00:00</updated><link href="https://github.com/OWASP/CheatSheetSeries/pull/1706"/><link href="https://github.com/OWASP/CheatSheetSeries/pull/1706"/><published>2025-06-20T13:29:34+00:00</published></entry><entry><id>https://github.com/OWASP/CheatSheetSeries/pull/1707</id><title>Update the CSP cheatsheet to remove redundant wording</title><updated>2025-06-20T13:30:41+00:00</updated><link href="https://github.com/OWASP/CheatSheetSeries/pull/1707"/><link href="https://github.com/OWASP/CheatSheetSeries/pull/1707"/><published>2025-06-20T13:30:41+00:00</published></entry><entry><id>https://github.com/OWASP/CheatSheetSeries/pull/1708</id><title>Fix typos, grammar, and styling in AJAX Security Cheat Sheet</title><updated>2025-06-20T14:49:36+00:00</updated><link href="https://github.com/OWASP/CheatSheetSeries/pull/1708"/><link href="https://github.com/OWASP/CheatSheetSeries/pull/1708"/><published>2025-06-20T14:49:36+00:00</published></entry><entry><id>https://github.com/OWASP/CheatSheetSeries/pull/1709</id><title>Add “Reauthentication After Risk Events” section and cross-links in Authentication, Session Management, and MFA cheat sheets</title><updated>2025-08-01T13:47:49+00:00</updated><link href="https://github.com/OWASP/CheatSheetSeries/pull/1709"/><link href="https://github.com/OWASP/CheatSheetSeries/pull/1709"/><published>2025-08-01T13:47:49+00:00</published></entry><entry><id>https://github.com/OWASP/CheatSheetSeries/pull/1711</id><title>Update Threat_Modeling_Cheat_Sheet.md</title><updated>2025-06-24T13:38:42+00:00</updated><link href="https://github.com/OWASP/CheatSheetSeries/pull/1711"/><link href="https://github.com/OWASP/CheatSheetSeries/pull/1711"/><published>2025-06-24T13:38:42+00:00</published></entry><entry><id>https://github.com/OWASP/CheatSheetSeries/pull/1712</id><title>Update: Add section of DOM skimming to browser extension vuln CS</title><updated>2025-06-24T13:22:24+00:00</updated><link href="https://github.com/OWASP/CheatSheetSeries/pull/1712"/><link href="https://github.com/OWASP/CheatSheetSeries/pull/1712"/><published>2025-06-24T13:22:24+00:00</published></entry><entry><id>https://github.com/OWASP/CheatSheetSeries/pull/1715</id><title>Update: mention `openOrClosedShadowRoot` in browser extension vuln CS</title><updated>2025-07-16T17:25:48+00:00</updated><link href="https://github.com/OWASP/CheatSheetSeries/pull/1715"/><link href="https://github.com/OWASP/CheatSheetSeries/pull/1715"/><published>2025-07-16T17:25:48+00:00</published></entry><entry><id>https://github.com/OWASP/CheatSheetSeries/pull/1717</id><title>add gRPC_Security_Cheat_Sheet.md</title><updated>2025-07-25T07:08:48+00:00</updated><link href="https://github.com/OWASP/CheatSheetSeries/pull/1717"/><link href="https://github.com/OWASP/CheatSheetSeries/pull/1717"/><published>2025-07-25T07:08:48+00:00</published></entry><entry><id>https://github.com/OWASP/CheatSheetSeries/pull/1718</id><title>Update: Add section of Prototype-based skimming to browser extension vuln CS</title><updated>2025-07-25T17:00:38+00:00</updated><link href="https://github.com/OWASP/CheatSheetSeries/pull/1718"/><link href="https://github.com/OWASP/CheatSheetSeries/pull/1718"/><published>2025-07-25T17:00:38+00:00</published></entry><entry><id>https://github.com/OWASP/CheatSheetSeries/pull/1720</id><title>docs: fix grammar, spelling and styling in Authentication Cheat Sheet</title><updated>2025-07-03T13:27:59+00:00</updated><link href="https://github.com/OWASP/CheatSheetSeries/pull/1720"/><link href="https://github.com/OWASP/CheatSheetSeries/pull/1720"/><published>2025-07-03T13:27:59+00:00</published></entry><entry><id>https://github.com/OWASP/CheatSheetSeries/pull/1721</id><title>docs(authentication): update asvs v5 password security requirement link reference</title><updated>2025-07-03T13:28:10+00:00</updated><link href="https://github.com/OWASP/CheatSheetSeries/pull/1721"/><link href="https://github.com/OWASP/CheatSheetSeries/pull/1721"/><published>2025-07-03T13:28:10+00:00</published></entry><entry><id>https://github.com/OWASP/CheatSheetSeries/pull/1724</id><title>Update: Input Validation Cheat Sheet</title><updated>2025-07-03T13:27:42+00:00</updated><link href="https://github.com/OWASP/CheatSheetSeries/pull/1724"/><link href="https://github.com/OWASP/CheatSheetSeries/pull/1724"/><published>2025-07-03T13:27:42+00:00</published></entry><entry><id>https://github.com/OWASP/CheatSheetSeries/pull/1726</id><title>Update: Added rate limiting section to Laravel cheat sheet</title><updated>2025-07-23T15:55:39+00:00</updated><link href="https://github.com/OWASP/CheatSheetSeries/pull/1726"/><link href="https://github.com/OWASP/CheatSheetSeries/pull/1726"/><published>2025-07-23T15:55:39+00:00</published></entry><entry><id>https://github.com/OWASP/CheatSheetSeries/pull/1727</id><title>Add project security policy SECURITY.md</title><updated>2025-07-08T13:00:26+00:00</updated><link href="https://github.com/OWASP/CheatSheetSeries/pull/1727"/><link href="https://github.com/OWASP/CheatSheetSeries/pull/1727"/><published>2025-07-08T13:00:26+00:00</published></entry><entry><id>https://github.com/OWASP/CheatSheetSeries/pull/1729</id><title>docs(ajax security): update 'innerHTML' guide #1728</title><updated>2025-07-25T13:38:40+00:00</updated><link href="https://github.com/OWASP/CheatSheetSeries/pull/1729"/><link href="https://github.com/OWASP/CheatSheetSeries/pull/1729"/><published>2025-07-25T13:38:40+00:00</published></entry><entry><id>https://github.com/OWASP/CheatSheetSeries/pull/1730</id><title>Add peppering strategies to Password Storage Cheat Sheet (#1683)</title><updated>2025-07-14T13:33:55+00:00</updated><link href="https://github.com/OWASP/CheatSheetSeries/pull/1730"/><link href="https://github.com/OWASP/CheatSheetSeries/pull/1730"/><published>2025-07-14T13:33:55+00:00</published></entry><entry><id>https://github.com/OWASP/CheatSheetSeries/pull/1731</id><title>References to SecureString and GuardedString removed from Secret Mgmt CS</title><updated>2025-07-21T12:59:29+00:00</updated><link href="https://github.com/OWASP/CheatSheetSeries/pull/1731"/><link href="https://github.com/OWASP/CheatSheetSeries/pull/1731"/><published>2025-07-21T12:59:29+00:00</published></entry><entry><id>https://github.com/OWASP/CheatSheetSeries/pull/1734</id><title>Rewrite a few awkward phrases</title><updated>2025-07-24T19:03:05+00:00</updated><link href="https://github.com/OWASP/CheatSheetSeries/pull/1734"/><link href="https://github.com/OWASP/CheatSheetSeries/pull/1734"/><published>2025-07-24T19:03:05+00:00</published></entry><entry><id>https://github.com/OWASP/CheatSheetSeries/pull/1736</id><title>Add Permissions section to Node.js Security Cheat Sheet</title><updated>2025-07-25T06:58:27+00:00</updated><link href="https://github.com/OWASP/CheatSheetSeries/pull/1736"/><link href="https://github.com/OWASP/CheatSheetSeries/pull/1736"/><published>2025-07-25T06:58:27+00:00</published></entry><entry><id>https://github.com/OWASP/CheatSheetSeries/pull/1737</id><title>Fix: Converted hardcoded GitHub links to relative paths (#1703)</title><updated>2025-07-25T17:27:11+00:00</updated><link href="https://github.com/OWASP/CheatSheetSeries/pull/1737"/><link href="https://github.com/OWASP/CheatSheetSeries/pull/1737"/><published>2025-07-25T17:27:11+00:00</published></entry><entry><id>https://github.com/OWASP/CheatSheetSeries/pull/1744</id><title>Add Cheat Sheet: Secure AI/ML Model Ops</title><updated>2025-08-08T06:31:18+00:00</updated><link href="https://github.com/OWASP/CheatSheetSeries/pull/1744"/><link href="https://github.com/OWASP/CheatSheetSeries/pull/1744"/><published>2025-08-08T06:31:18+00:00</published></entry><entry><id>https://github.com/OWASP/CheatSheetSeries/pull/1748</id><title>Fix update os command injection defense cheatsheet</title><updated>2025-08-12T13:15:21+00:00</updated><link href="https://github.com/OWASP/CheatSheetSeries/pull/1748"/><link href="https://github.com/OWASP/CheatSheetSeries/pull/1748"/><published>2025-08-12T13:15:21+00:00</published></entry></feed>