<?xml version='1.0' encoding='UTF-8'?>
<feed xmlns="http://www.w3.org/2005/Atom" xml:lang="en"><id>https://cheatsheetseries.owasp.org/</id><title>OWASP Cheat Sheet Series update</title><updated>2023-08-09T18:02:41+00:00</updated><author><name>Core team</name><email>dominique.righetto@owasp.org</email></author><link href="https://cheatsheetseries.owasp.org" rel="self"/><link href="https://github.com/OWASP/CheatSheetSeries" rel="alternate"/><generator uri="https://lkiesow.github.io/python-feedgen" version="0.9.0">python-feedgen</generator><icon>https://cheatsheetseries.owasp.org/gitbook/images/favicon.ico</icon><subtitle>List of the last updates on the content</subtitle><entry><id>https://github.com/OWASP/CheatSheetSeries/pull/1028</id><title>Update Securing_Cascading_Style_Sheets_Cheat_Sheet.md</title><updated>2023-01-02T22:16:34+00:00</updated><link href="https://github.com/OWASP/CheatSheetSeries/pull/1028" rel="self"/><link href="https://github.com/OWASP/CheatSheetSeries/pull/1028" rel="alternate"/><published>2023-01-02T22:16:34+00:00</published></entry><entry><id>https://github.com/OWASP/CheatSheetSeries/pull/1030</id><title>Update Error_Handling_Cheat_Sheet.md</title><updated>2023-01-02T15:01:14+00:00</updated><link href="https://github.com/OWASP/CheatSheetSeries/pull/1030" rel="self"/><link href="https://github.com/OWASP/CheatSheetSeries/pull/1030" rel="alternate"/><published>2023-01-02T15:01:14+00:00</published></entry><entry><id>https://github.com/OWASP/CheatSheetSeries/pull/1031</id><title>Release a Network segmentation Cheat Sheet?</title><updated>2023-01-02T22:08:07+00:00</updated><link href="https://github.com/OWASP/CheatSheetSeries/pull/1031" rel="self"/><link href="https://github.com/OWASP/CheatSheetSeries/pull/1031" rel="alternate"/><published>2023-01-02T22:08:07+00:00</published></entry><entry><id>https://github.com/OWASP/CheatSheetSeries/pull/1032</id><title>Update Logging Cheat Sheet</title><updated>2023-01-02T22:16:46+00:00</updated><link href="https://github.com/OWASP/CheatSheetSeries/pull/1032" rel="self"/><link href="https://github.com/OWASP/CheatSheetSeries/pull/1032" rel="alternate"/><published>2023-01-02T22:16:46+00:00</published></entry><entry><id>https://github.com/OWASP/CheatSheetSeries/pull/1037</id><title>Fix minor typos in Contributing</title><updated>2023-01-02T14:56:46+00:00</updated><link href="https://github.com/OWASP/CheatSheetSeries/pull/1037" rel="self"/><link href="https://github.com/OWASP/CheatSheetSeries/pull/1037" rel="alternate"/><published>2023-01-02T14:56:46+00:00</published></entry><entry><id>https://github.com/OWASP/CheatSheetSeries/pull/1038</id><title>Add first version of DRF Cheat Sheet</title><updated>2023-01-02T22:05:22+00:00</updated><link href="https://github.com/OWASP/CheatSheetSeries/pull/1038" rel="self"/><link href="https://github.com/OWASP/CheatSheetSeries/pull/1038" rel="alternate"/><published>2023-01-02T22:05:22+00:00</published></entry><entry><id>https://github.com/OWASP/CheatSheetSeries/pull/1039</id><title>add PT bug bounty site</title><updated>2023-01-02T22:04:56+00:00</updated><link href="https://github.com/OWASP/CheatSheetSeries/pull/1039" rel="self"/><link href="https://github.com/OWASP/CheatSheetSeries/pull/1039" rel="alternate"/><published>2023-01-02T22:04:56+00:00</published></entry><entry><id>https://github.com/OWASP/CheatSheetSeries/pull/1040</id><title>Replaced broken resources</title><updated>2023-01-02T15:01:36+00:00</updated><link href="https://github.com/OWASP/CheatSheetSeries/pull/1040" rel="self"/><link href="https://github.com/OWASP/CheatSheetSeries/pull/1040" rel="alternate"/><published>2023-01-02T15:01:36+00:00</published></entry><entry><id>https://github.com/OWASP/CheatSheetSeries/pull/1042</id><title>Add OPA alternatives for policy as code</title><updated>2023-01-02T14:48:10+00:00</updated><link href="https://github.com/OWASP/CheatSheetSeries/pull/1042" rel="self"/><link href="https://github.com/OWASP/CheatSheetSeries/pull/1042" rel="alternate"/><published>2023-01-02T14:48:10+00:00</published></entry><entry><id>https://github.com/OWASP/CheatSheetSeries/pull/1044</id><title>Minor fix: Rename Network Segmentation CS to include md extension</title><updated>2023-01-02T23:30:03+00:00</updated><link href="https://github.com/OWASP/CheatSheetSeries/pull/1044" rel="self"/><link href="https://github.com/OWASP/CheatSheetSeries/pull/1044" rel="alternate"/><published>2023-01-02T23:30:03+00:00</published></entry><entry><id>https://github.com/OWASP/CheatSheetSeries/pull/1045</id><title>Fix typos</title><updated>2023-01-03T16:17:26+00:00</updated><link href="https://github.com/OWASP/CheatSheetSeries/pull/1045" rel="self"/><link href="https://github.com/OWASP/CheatSheetSeries/pull/1045" rel="alternate"/><published>2023-01-03T16:17:26+00:00</published></entry><entry><id>https://github.com/OWASP/CheatSheetSeries/pull/1046</id><title>Fix</title><updated>2023-01-03T16:17:52+00:00</updated><link href="https://github.com/OWASP/CheatSheetSeries/pull/1046" rel="self"/><link href="https://github.com/OWASP/CheatSheetSeries/pull/1046" rel="alternate"/><published>2023-01-03T16:17:52+00:00</published></entry><entry><id>https://github.com/OWASP/CheatSheetSeries/pull/1047</id><title>Add blank lines</title><updated>2023-01-03T16:18:10+00:00</updated><link href="https://github.com/OWASP/CheatSheetSeries/pull/1047" rel="self"/><link href="https://github.com/OWASP/CheatSheetSeries/pull/1047" rel="alternate"/><published>2023-01-03T16:18:10+00:00</published></entry><entry><id>https://github.com/OWASP/CheatSheetSeries/pull/1048</id><title>Fix by @kianmeng</title><updated>2023-01-03T16:18:33+00:00</updated><link href="https://github.com/OWASP/CheatSheetSeries/pull/1048" rel="self"/><link href="https://github.com/OWASP/CheatSheetSeries/pull/1048" rel="alternate"/><published>2023-01-03T16:18:33+00:00</published></entry><entry><id>https://github.com/OWASP/CheatSheetSeries/pull/1049</id><title>Publish Django REST Framework CS</title><updated>2023-01-04T17:37:36+00:00</updated><link href="https://github.com/OWASP/CheatSheetSeries/pull/1049" rel="self"/><link href="https://github.com/OWASP/CheatSheetSeries/pull/1049" rel="alternate"/><published>2023-01-04T17:37:36+00:00</published></entry><entry><id>https://github.com/OWASP/CheatSheetSeries/pull/1050</id><title>Delete draft because released</title><updated>2023-01-10T01:27:44+00:00</updated><link href="https://github.com/OWASP/CheatSheetSeries/pull/1050" rel="self"/><link href="https://github.com/OWASP/CheatSheetSeries/pull/1050" rel="alternate"/><published>2023-01-10T01:27:44+00:00</published></entry><entry><id>https://github.com/OWASP/CheatSheetSeries/pull/1051</id><title>Update XSS_Filter_Evasion_Cheat_Sheet.md</title><updated>2023-01-09T16:16:45+00:00</updated><link href="https://github.com/OWASP/CheatSheetSeries/pull/1051" rel="self"/><link href="https://github.com/OWASP/CheatSheetSeries/pull/1051" rel="alternate"/><published>2023-01-09T16:16:45+00:00</published></entry><entry><id>https://github.com/OWASP/CheatSheetSeries/pull/1052</id><title>Fix typos in HTTP_Headers_Cheat_Sheet.md</title><updated>2023-01-09T16:15:44+00:00</updated><link href="https://github.com/OWASP/CheatSheetSeries/pull/1052" rel="self"/><link href="https://github.com/OWASP/CheatSheetSeries/pull/1052" rel="alternate"/><published>2023-01-09T16:15:44+00:00</published></entry><entry><id>https://github.com/OWASP/CheatSheetSeries/pull/1053</id><title>Added punctuation</title><updated>2023-01-09T17:06:54+00:00</updated><link href="https://github.com/OWASP/CheatSheetSeries/pull/1053" rel="self"/><link href="https://github.com/OWASP/CheatSheetSeries/pull/1053" rel="alternate"/><published>2023-01-09T17:06:54+00:00</published></entry><entry><id>https://github.com/OWASP/CheatSheetSeries/pull/1054</id><title>replaced broken link on password storage cheatsheet</title><updated>2023-01-11T14:20:10+00:00</updated><link href="https://github.com/OWASP/CheatSheetSeries/pull/1054" rel="self"/><link href="https://github.com/OWASP/CheatSheetSeries/pull/1054" rel="alternate"/><published>2023-01-11T14:20:10+00:00</published></entry><entry><id>https://github.com/OWASP/CheatSheetSeries/pull/1055</id><title>Update PBKDF2 work factors according to RTX4000 #1043</title><updated>2023-01-23T18:52:28+00:00</updated><link href="https://github.com/OWASP/CheatSheetSeries/pull/1055" rel="self"/><link href="https://github.com/OWASP/CheatSheetSeries/pull/1055" rel="alternate"/><published>2023-01-23T18:52:28+00:00</published></entry><entry><id>https://github.com/OWASP/CheatSheetSeries/pull/1059</id><title>Add szh to the code team!</title><updated>2023-01-20T16:14:53+00:00</updated><link href="https://github.com/OWASP/CheatSheetSeries/pull/1059" rel="self"/><link href="https://github.com/OWASP/CheatSheetSeries/pull/1059" rel="alternate"/><published>2023-01-20T16:14:53+00:00</published></entry><entry><id>https://github.com/OWASP/CheatSheetSeries/pull/1060</id><title>Team updates</title><updated>2023-01-20T16:24:56+00:00</updated><link href="https://github.com/OWASP/CheatSheetSeries/pull/1060" rel="self"/><link href="https://github.com/OWASP/CheatSheetSeries/pull/1060" rel="alternate"/><published>2023-01-20T16:24:56+00:00</published></entry><entry><id>https://github.com/OWASP/CheatSheetSeries/pull/1061</id><title>Update CODEOWNERS</title><updated>2023-01-20T16:30:49+00:00</updated><link href="https://github.com/OWASP/CheatSheetSeries/pull/1061" rel="self"/><link href="https://github.com/OWASP/CheatSheetSeries/pull/1061" rel="alternate"/><published>2023-01-20T16:30:49+00:00</published></entry><entry><id>https://github.com/OWASP/CheatSheetSeries/pull/1063</id><title>Add Secrets Management to index</title><updated>2023-01-23T18:50:28+00:00</updated><link href="https://github.com/OWASP/CheatSheetSeries/pull/1063" rel="self"/><link href="https://github.com/OWASP/CheatSheetSeries/pull/1063" rel="alternate"/><published>2023-01-23T18:50:28+00:00</published></entry><entry><id>https://github.com/OWASP/CheatSheetSeries/pull/1064</id><title>modified script link with new one previous script link not working</title><updated>2023-01-23T18:06:58+00:00</updated><link href="https://github.com/OWASP/CheatSheetSeries/pull/1064" rel="self"/><link href="https://github.com/OWASP/CheatSheetSeries/pull/1064" rel="alternate"/><contributor><name>szh</name><uri>https://github.com/szh</uri></contributor><published>2023-01-23T18:06:58+00:00</published></entry><entry><id>https://github.com/OWASP/CheatSheetSeries/pull/1065</id><title>Update iac cheatsheet</title><updated>2023-01-23T18:50:10+00:00</updated><link href="https://github.com/OWASP/CheatSheetSeries/pull/1065" rel="self"/><link href="https://github.com/OWASP/CheatSheetSeries/pull/1065" rel="alternate"/><published>2023-01-23T18:50:10+00:00</published></entry><entry><id>https://github.com/OWASP/CheatSheetSeries/pull/1066</id><title>Remove outdated draft CS</title><updated>2023-01-23T18:49:46+00:00</updated><link href="https://github.com/OWASP/CheatSheetSeries/pull/1066" rel="self"/><link href="https://github.com/OWASP/CheatSheetSeries/pull/1066" rel="alternate"/><published>2023-01-23T18:49:46+00:00</published></entry><entry><id>https://github.com/OWASP/CheatSheetSeries/pull/1067</id><title>Proofreading of SQL Injection CS</title><updated>2023-01-23T18:49:31+00:00</updated><link href="https://github.com/OWASP/CheatSheetSeries/pull/1067" rel="self"/><link href="https://github.com/OWASP/CheatSheetSeries/pull/1067" rel="alternate"/><published>2023-01-23T18:49:31+00:00</published></entry><entry><id>https://github.com/OWASP/CheatSheetSeries/pull/1069</id><title>fix a typo</title><updated>2023-01-24T14:10:55+00:00</updated><link href="https://github.com/OWASP/CheatSheetSeries/pull/1069" rel="self"/><link href="https://github.com/OWASP/CheatSheetSeries/pull/1069" rel="alternate"/><published>2023-01-24T14:10:55+00:00</published></entry><entry><id>https://github.com/OWASP/CheatSheetSeries/pull/1070</id><title>Added Paralle PDKF2 in #1043 and Login Throttling in #892</title><updated>2023-01-29T14:20:30+00:00</updated><link href="https://github.com/OWASP/CheatSheetSeries/pull/1070" rel="self"/><link href="https://github.com/OWASP/CheatSheetSeries/pull/1070" rel="alternate"/><published>2023-01-29T14:20:30+00:00</published></entry><entry><id>https://github.com/OWASP/CheatSheetSeries/pull/1072</id><title>Update ALLOW-FROM browser support in Clickjacking Defense Cheat Sheet</title><updated>2023-01-24T14:25:36+00:00</updated><link href="https://github.com/OWASP/CheatSheetSeries/pull/1072" rel="self"/><link href="https://github.com/OWASP/CheatSheetSeries/pull/1072" rel="alternate"/><published>2023-01-24T14:25:36+00:00</published></entry><entry><id>https://github.com/OWASP/CheatSheetSeries/pull/1073</id><title>Update Argon2 and scrypt work factors</title><updated>2023-01-24T19:52:23+00:00</updated><link href="https://github.com/OWASP/CheatSheetSeries/pull/1073" rel="self"/><link href="https://github.com/OWASP/CheatSheetSeries/pull/1073" rel="alternate"/><published>2023-01-24T19:52:23+00:00</published></entry><entry><id>https://github.com/OWASP/CheatSheetSeries/pull/1074</id><title>Update Secrets Management CS</title><updated>2023-01-24T19:53:57+00:00</updated><link href="https://github.com/OWASP/CheatSheetSeries/pull/1074" rel="self"/><link href="https://github.com/OWASP/CheatSheetSeries/pull/1074" rel="alternate"/><published>2023-01-24T19:53:57+00:00</published></entry><entry><id>https://github.com/OWASP/CheatSheetSeries/pull/1076</id><title>Minor typo correction</title><updated>2023-01-27T13:58:03+00:00</updated><link href="https://github.com/OWASP/CheatSheetSeries/pull/1076" rel="self"/><link href="https://github.com/OWASP/CheatSheetSeries/pull/1076" rel="alternate"/><published>2023-01-27T13:58:03+00:00</published></entry><entry><id>https://github.com/OWASP/CheatSheetSeries/pull/1077</id><title>Update Docker_Security_Cheat_Sheet</title><updated>2023-01-27T14:08:45+00:00</updated><link href="https://github.com/OWASP/CheatSheetSeries/pull/1077" rel="self"/><link href="https://github.com/OWASP/CheatSheetSeries/pull/1077" rel="alternate"/><published>2023-01-27T14:08:45+00:00</published></entry><entry><id>https://github.com/OWASP/CheatSheetSeries/pull/1079</id><title>Fix broken link on JSON Web Token Cheat Sheet for Java</title><updated>2023-01-29T14:18:15+00:00</updated><link href="https://github.com/OWASP/CheatSheetSeries/pull/1079" rel="self"/><link href="https://github.com/OWASP/CheatSheetSeries/pull/1079" rel="alternate"/><published>2023-01-29T14:18:15+00:00</published></entry><entry><id>https://github.com/OWASP/CheatSheetSeries/pull/1080</id><title>fixed some typos/grammatical errors</title><updated>2023-01-31T12:58:34+00:00</updated><link href="https://github.com/OWASP/CheatSheetSeries/pull/1080" rel="self"/><link href="https://github.com/OWASP/CheatSheetSeries/pull/1080" rel="alternate"/><published>2023-01-31T12:58:34+00:00</published></entry><entry><id>https://github.com/OWASP/CheatSheetSeries/pull/1082</id><title>Add reference for DRF CS</title><updated>2023-02-13T13:56:59+00:00</updated><link href="https://github.com/OWASP/CheatSheetSeries/pull/1082" rel="self"/><link href="https://github.com/OWASP/CheatSheetSeries/pull/1082" rel="alternate"/><published>2023-02-13T13:56:59+00:00</published></entry><entry><id>https://github.com/OWASP/CheatSheetSeries/pull/1084</id><title>Add note on Argument Injection</title><updated>2023-03-22T16:57:47+00:00</updated><link href="https://github.com/OWASP/CheatSheetSeries/pull/1084" rel="self"/><link href="https://github.com/OWASP/CheatSheetSeries/pull/1084" rel="alternate"/><published>2023-03-22T16:57:47+00:00</published></entry><entry><id>https://github.com/OWASP/CheatSheetSeries/pull/1085</id><title>Small grammatical/typo fixes</title><updated>2023-02-05T00:42:59+00:00</updated><link href="https://github.com/OWASP/CheatSheetSeries/pull/1085" rel="self"/><link href="https://github.com/OWASP/CheatSheetSeries/pull/1085" rel="alternate"/><published>2023-02-05T00:42:59+00:00</published></entry><entry><id>https://github.com/OWASP/CheatSheetSeries/pull/1086</id><title>Public-Key-Pins header has been deprecated</title><updated>2023-02-13T13:35:04+00:00</updated><link href="https://github.com/OWASP/CheatSheetSeries/pull/1086" rel="self"/><link href="https://github.com/OWASP/CheatSheetSeries/pull/1086" rel="alternate"/><published>2023-02-13T13:35:04+00:00</published></entry><entry><id>https://github.com/OWASP/CheatSheetSeries/pull/1088</id><title>Added flags to enable secure processing and explicitly disable XInclu…</title><updated>2023-02-17T17:38:22+00:00</updated><link href="https://github.com/OWASP/CheatSheetSeries/pull/1088" rel="self"/><link href="https://github.com/OWASP/CheatSheetSeries/pull/1088" rel="alternate"/><published>2023-02-17T17:38:22+00:00</published></entry><entry><id>https://github.com/OWASP/CheatSheetSeries/pull/1090</id><title>Secure design</title><updated>2023-02-22T15:14:09+00:00</updated><link href="https://github.com/OWASP/CheatSheetSeries/pull/1090" rel="self"/><link href="https://github.com/OWASP/CheatSheetSeries/pull/1090" rel="alternate"/><published>2023-02-22T15:14:09+00:00</published></entry><entry><id>https://github.com/OWASP/CheatSheetSeries/pull/1091</id><title>DOM Clobbering Prevention Cheat Sheet</title><updated>2023-02-19T17:48:11+00:00</updated><link href="https://github.com/OWASP/CheatSheetSeries/pull/1091" rel="self"/><link href="https://github.com/OWASP/CheatSheetSeries/pull/1091" rel="alternate"/><published>2023-02-19T17:48:11+00:00</published></entry><entry><id>https://github.com/OWASP/CheatSheetSeries/pull/1093</id><title>XSS: remove forward slash (fixes #1089)</title><updated>2023-02-22T14:42:59+00:00</updated><link href="https://github.com/OWASP/CheatSheetSeries/pull/1093" rel="self"/><link href="https://github.com/OWASP/CheatSheetSeries/pull/1093" rel="alternate"/><contributor><name>szh</name><uri>https://github.com/szh</uri></contributor><published>2023-02-22T14:42:59+00:00</published></entry><entry><id>https://github.com/OWASP/CheatSheetSeries/pull/1095</id><title>Refactored name.</title><updated>2023-02-22T15:40:50+00:00</updated><link href="https://github.com/OWASP/CheatSheetSeries/pull/1095" rel="self"/><link href="https://github.com/OWASP/CheatSheetSeries/pull/1095" rel="alternate"/><published>2023-02-22T15:40:50+00:00</published></entry><entry><id>https://github.com/OWASP/CheatSheetSeries/pull/1096</id><title>Fix cs filename</title><updated>2023-02-24T09:52:09+00:00</updated><link href="https://github.com/OWASP/CheatSheetSeries/pull/1096" rel="self"/><link href="https://github.com/OWASP/CheatSheetSeries/pull/1096" rel="alternate"/><published>2023-02-24T09:52:09+00:00</published></entry><entry><id>https://github.com/OWASP/CheatSheetSeries/pull/1097</id><title>Improve JAXB example/recommendation with 'disallow-doctype-decl' feat…</title><updated>2023-03-04T03:59:57+00:00</updated><link href="https://github.com/OWASP/CheatSheetSeries/pull/1097" rel="self"/><link href="https://github.com/OWASP/CheatSheetSeries/pull/1097" rel="alternate"/><published>2023-03-04T03:59:57+00:00</published></entry><entry><id>https://github.com/OWASP/CheatSheetSeries/pull/1099</id><title>deserialization: typo and some wording</title><updated>2023-03-04T03:58:34+00:00</updated><link href="https://github.com/OWASP/CheatSheetSeries/pull/1099" rel="self"/><link href="https://github.com/OWASP/CheatSheetSeries/pull/1099" rel="alternate"/><published>2023-03-04T03:58:34+00:00</published></entry><entry><id>https://github.com/OWASP/CheatSheetSeries/pull/1100</id><title>deserialization: typo :)</title><updated>2023-03-04T04:17:13+00:00</updated><link href="https://github.com/OWASP/CheatSheetSeries/pull/1100" rel="self"/><link href="https://github.com/OWASP/CheatSheetSeries/pull/1100" rel="alternate"/><published>2023-03-04T04:17:13+00:00</published></entry><entry><id>https://github.com/OWASP/CheatSheetSeries/pull/1102</id><title>Add pinning cautions</title><updated>2023-03-14T12:35:06+00:00</updated><link href="https://github.com/OWASP/CheatSheetSeries/pull/1102" rel="self"/><link href="https://github.com/OWASP/CheatSheetSeries/pull/1102" rel="alternate"/><published>2023-03-14T12:35:06+00:00</published></entry><entry><id>https://github.com/OWASP/CheatSheetSeries/pull/1103</id><title>Clarity to JAXP DocumentBuilderFactory section</title><updated>2023-03-22T16:58:57+00:00</updated><link href="https://github.com/OWASP/CheatSheetSeries/pull/1103" rel="self"/><link href="https://github.com/OWASP/CheatSheetSeries/pull/1103" rel="alternate"/><published>2023-03-22T16:58:57+00:00</published></entry><entry><id>https://github.com/OWASP/CheatSheetSeries/pull/1104</id><title>[NodeJS Security Cheat Sheet] Fix Express 4.x deprecated res.send</title><updated>2023-03-16T13:13:45+00:00</updated><link href="https://github.com/OWASP/CheatSheetSeries/pull/1104" rel="self"/><link href="https://github.com/OWASP/CheatSheetSeries/pull/1104" rel="alternate"/><published>2023-03-16T13:13:45+00:00</published></entry><entry><id>https://github.com/OWASP/CheatSheetSeries/pull/1105</id><title>[NodeJS Security Cheat Sheet] Update various helmet middlewares</title><updated>2023-03-20T12:23:47+00:00</updated><link href="https://github.com/OWASP/CheatSheetSeries/pull/1105" rel="self"/><link href="https://github.com/OWASP/CheatSheetSeries/pull/1105" rel="alternate"/><published>2023-03-20T12:23:47+00:00</published></entry><entry><id>https://github.com/OWASP/CheatSheetSeries/pull/1106</id><title>Add Rust Query Parameterization recommendations</title><updated>2023-03-22T16:54:56+00:00</updated><link href="https://github.com/OWASP/CheatSheetSeries/pull/1106" rel="self"/><link href="https://github.com/OWASP/CheatSheetSeries/pull/1106" rel="alternate"/><published>2023-03-22T16:54:56+00:00</published></entry><entry><id>https://github.com/OWASP/CheatSheetSeries/pull/1107</id><title>Update XML_External_Entity_Prevention_Cheat_Sheet.md</title><updated>2023-03-24T20:12:49+00:00</updated><link href="https://github.com/OWASP/CheatSheetSeries/pull/1107" rel="self"/><link href="https://github.com/OWASP/CheatSheetSeries/pull/1107" rel="alternate"/><published>2023-03-24T20:12:49+00:00</published></entry><entry><id>https://github.com/OWASP/CheatSheetSeries/pull/1108</id><title>Remove link to leapgraph that redirects to gambling website</title><updated>2023-03-29T18:58:34+00:00</updated><link href="https://github.com/OWASP/CheatSheetSeries/pull/1108" rel="self"/><link href="https://github.com/OWASP/CheatSheetSeries/pull/1108" rel="alternate"/><published>2023-03-29T18:58:34+00:00</published></entry><entry><id>https://github.com/OWASP/CheatSheetSeries/pull/1113</id><title>Fix CSRF reference link</title><updated>2023-04-05T15:56:52+00:00</updated><link href="https://github.com/OWASP/CheatSheetSeries/pull/1113" rel="self"/><link href="https://github.com/OWASP/CheatSheetSeries/pull/1113" rel="alternate"/><published>2023-04-05T15:56:52+00:00</published></entry><entry><id>https://github.com/OWASP/CheatSheetSeries/pull/1115</id><title>REST Security Cheat Sheet - Removed Deprecated Feature-Policy and added Permissions-Policy </title><updated>2023-04-22T01:27:20+00:00</updated><link href="https://github.com/OWASP/CheatSheetSeries/pull/1115" rel="self"/><link href="https://github.com/OWASP/CheatSheetSeries/pull/1115" rel="alternate"/><published>2023-04-22T01:27:20+00:00</published></entry><entry><id>https://github.com/OWASP/CheatSheetSeries/pull/1116</id><title>Update Password_Storage_Cheat_Sheet.md</title><updated>2023-04-13T20:09:04+00:00</updated><link href="https://github.com/OWASP/CheatSheetSeries/pull/1116" rel="self"/><link href="https://github.com/OWASP/CheatSheetSeries/pull/1116" rel="alternate"/><published>2023-04-13T20:09:04+00:00</published></entry><entry><id>https://github.com/OWASP/CheatSheetSeries/pull/1117</id><title>Improved JAXB Example</title><updated>2023-05-31T19:49:20+00:00</updated><link href="https://github.com/OWASP/CheatSheetSeries/pull/1117" rel="self"/><link href="https://github.com/OWASP/CheatSheetSeries/pull/1117" rel="alternate"/><published>2023-05-31T19:49:20+00:00</published></entry><entry><id>https://github.com/OWASP/CheatSheetSeries/pull/1120</id><title>Update Input_Validation_Cheat_Sheet.md Fixed a stray any</title><updated>2023-04-17T13:25:15+00:00</updated><link href="https://github.com/OWASP/CheatSheetSeries/pull/1120" rel="self"/><link href="https://github.com/OWASP/CheatSheetSeries/pull/1120" rel="alternate"/><published>2023-04-17T13:25:15+00:00</published></entry><entry><id>https://github.com/OWASP/CheatSheetSeries/pull/1122</id><title>document custom request headers as a standalone CSRF protection</title><updated>2023-05-23T08:18:27+00:00</updated><link href="https://github.com/OWASP/CheatSheetSeries/pull/1122" rel="self"/><link href="https://github.com/OWASP/CheatSheetSeries/pull/1122" rel="alternate"/><published>2023-05-23T08:18:27+00:00</published></entry><entry><id>https://github.com/OWASP/CheatSheetSeries/pull/1125</id><title>Commit for issue #1124</title><updated>2023-04-28T10:31:25+00:00</updated><link href="https://github.com/OWASP/CheatSheetSeries/pull/1125" rel="self"/><link href="https://github.com/OWASP/CheatSheetSeries/pull/1125" rel="alternate"/><published>2023-04-28T10:31:25+00:00</published></entry><entry><id>https://github.com/OWASP/CheatSheetSeries/pull/1126</id><title>Clarify that ProcessStartInfo.ArgumentList is not safe with untrusted data</title><updated>2023-05-02T13:28:21+00:00</updated><link href="https://github.com/OWASP/CheatSheetSeries/pull/1126" rel="self"/><link href="https://github.com/OWASP/CheatSheetSeries/pull/1126" rel="alternate"/><published>2023-05-02T13:28:21+00:00</published></entry><entry><id>https://github.com/OWASP/CheatSheetSeries/pull/1130</id><title>remove SeaSponge from Threat Modeling Cheat Sheet</title><updated>2023-05-10T13:35:09+00:00</updated><link href="https://github.com/OWASP/CheatSheetSeries/pull/1130" rel="self"/><link href="https://github.com/OWASP/CheatSheetSeries/pull/1130" rel="alternate"/><published>2023-05-10T13:35:09+00:00</published></entry><entry><id>https://github.com/OWASP/CheatSheetSeries/pull/1131</id><title>HTTP_Headers_Cheat_Sheet: Add missing comma in Permissions-Policy</title><updated>2023-05-10T13:35:27+00:00</updated><link href="https://github.com/OWASP/CheatSheetSeries/pull/1131" rel="self"/><link href="https://github.com/OWASP/CheatSheetSeries/pull/1131" rel="alternate"/><published>2023-05-10T13:35:27+00:00</published></entry><entry><id>https://github.com/OWASP/CheatSheetSeries/pull/1134</id><title>Added pytm to tools and CTM to threat libraries list</title><updated>2023-05-18T16:34:32+00:00</updated><link href="https://github.com/OWASP/CheatSheetSeries/pull/1134" rel="self"/><link href="https://github.com/OWASP/CheatSheetSeries/pull/1134" rel="alternate"/><published>2023-05-18T16:34:32+00:00</published></entry><entry><id>https://github.com/OWASP/CheatSheetSeries/pull/1136</id><title>Fix typo in CSRF Prevention cheat sheet</title><updated>2023-05-23T18:07:43+00:00</updated><link href="https://github.com/OWASP/CheatSheetSeries/pull/1136" rel="self"/><link href="https://github.com/OWASP/CheatSheetSeries/pull/1136" rel="alternate"/><published>2023-05-23T18:07:43+00:00</published></entry><entry><id>https://github.com/OWASP/CheatSheetSeries/pull/1137</id><title>I checked to see if there are any other broken links on the page but this onre was quiet annoying when reading the post.</title><updated>2023-05-30T12:28:13+00:00</updated><link href="https://github.com/OWASP/CheatSheetSeries/pull/1137" rel="self"/><link href="https://github.com/OWASP/CheatSheetSeries/pull/1137" rel="alternate"/><published>2023-05-30T12:28:13+00:00</published></entry><entry><id>https://github.com/OWASP/CheatSheetSeries/pull/1138</id><title>Adding some sample encryption code to the DotNet cheatsheet</title><updated>2023-06-13T12:14:59+00:00</updated><link href="https://github.com/OWASP/CheatSheetSeries/pull/1138" rel="self"/><link href="https://github.com/OWASP/CheatSheetSeries/pull/1138" rel="alternate"/><published>2023-06-13T12:14:59+00:00</published></entry><entry><id>https://github.com/OWASP/CheatSheetSeries/pull/1139</id><title>Reintroduce an overview of Double Submit Cookie with HMAC</title><updated>2023-05-31T19:01:15+00:00</updated><link href="https://github.com/OWASP/CheatSheetSeries/pull/1139" rel="self"/><link href="https://github.com/OWASP/CheatSheetSeries/pull/1139" rel="alternate"/><published>2023-05-31T19:01:15+00:00</published></entry><entry><id>https://github.com/OWASP/CheatSheetSeries/pull/1142</id><title>Lint fix</title><updated>2023-05-31T19:17:59+00:00</updated><link href="https://github.com/OWASP/CheatSheetSeries/pull/1142" rel="self"/><link href="https://github.com/OWASP/CheatSheetSeries/pull/1142" rel="alternate"/><published>2023-05-31T19:17:59+00:00</published></entry><entry><id>https://github.com/OWASP/CheatSheetSeries/pull/1144</id><title>Typo in pseudocode</title><updated>2023-06-08T13:28:08+00:00</updated><link href="https://github.com/OWASP/CheatSheetSeries/pull/1144" rel="self"/><link href="https://github.com/OWASP/CheatSheetSeries/pull/1144" rel="alternate"/><published>2023-06-08T13:28:08+00:00</published></entry><entry><id>https://github.com/OWASP/CheatSheetSeries/pull/1146</id><title>Creating dedicated Java Security Cheat Sheet</title><updated>2023-06-30T17:02:01+00:00</updated><link href="https://github.com/OWASP/CheatSheetSeries/pull/1146" rel="self"/><link href="https://github.com/OWASP/CheatSheetSeries/pull/1146" rel="alternate"/><published>2023-06-30T17:02:01+00:00</published></entry><entry><id>https://github.com/OWASP/CheatSheetSeries/pull/1150</id><title>Fix issue with nonce reuse</title><updated>2023-06-22T12:58:29+00:00</updated><link href="https://github.com/OWASP/CheatSheetSeries/pull/1150" rel="self"/><link href="https://github.com/OWASP/CheatSheetSeries/pull/1150" rel="alternate"/><published>2023-06-22T12:58:29+00:00</published></entry><entry><id>https://github.com/OWASP/CheatSheetSeries/pull/1151</id><title>Fix typo on CSRF cheat sheet</title><updated>2023-06-22T19:10:00+00:00</updated><link href="https://github.com/OWASP/CheatSheetSeries/pull/1151" rel="self"/><link href="https://github.com/OWASP/CheatSheetSeries/pull/1151" rel="alternate"/><published>2023-06-22T19:10:00+00:00</published></entry><entry><id>https://github.com/OWASP/CheatSheetSeries/pull/1152</id><title>Secure Cloud Architecture cheat sheet</title><updated>2023-07-07T21:31:57+00:00</updated><link href="https://github.com/OWASP/CheatSheetSeries/pull/1152" rel="self"/><link href="https://github.com/OWASP/CheatSheetSeries/pull/1152" rel="alternate"/><published>2023-07-07T21:31:57+00:00</published></entry><entry><id>https://github.com/OWASP/CheatSheetSeries/pull/1154</id><title>Removed Encrypted CSRF Cookie</title><updated>2023-06-25T17:42:13+00:00</updated><link href="https://github.com/OWASP/CheatSheetSeries/pull/1154" rel="self"/><link href="https://github.com/OWASP/CheatSheetSeries/pull/1154" rel="alternate"/><published>2023-06-25T17:42:13+00:00</published></entry><entry><id>https://github.com/OWASP/CheatSheetSeries/pull/1156</id><title>Update markdown lint to allow collapsible sections</title><updated>2023-06-25T17:41:46+00:00</updated><link href="https://github.com/OWASP/CheatSheetSeries/pull/1156" rel="self"/><link href="https://github.com/OWASP/CheatSheetSeries/pull/1156" rel="alternate"/><published>2023-06-25T17:41:46+00:00</published></entry><entry><id>https://github.com/OWASP/CheatSheetSeries/pull/1157</id><title>Initial start for prototype pollution prevention cheatsheet</title><updated>2023-06-30T17:02:33+00:00</updated><link href="https://github.com/OWASP/CheatSheetSeries/pull/1157" rel="self"/><link href="https://github.com/OWASP/CheatSheetSeries/pull/1157" rel="alternate"/><published>2023-06-30T17:02:33+00:00</published></entry><entry><id>https://github.com/OWASP/CheatSheetSeries/pull/1158</id><title>Fix linting config</title><updated>2023-06-26T18:01:59+00:00</updated><link href="https://github.com/OWASP/CheatSheetSeries/pull/1158" rel="self"/><link href="https://github.com/OWASP/CheatSheetSeries/pull/1158" rel="alternate"/><published>2023-06-26T18:01:59+00:00</published></entry><entry><id>https://github.com/OWASP/CheatSheetSeries/pull/1159</id><title>Add some pitfalls to the dotnet crypto code</title><updated>2023-06-30T17:02:51+00:00</updated><link href="https://github.com/OWASP/CheatSheetSeries/pull/1159" rel="self"/><link href="https://github.com/OWASP/CheatSheetSeries/pull/1159" rel="alternate"/><published>2023-06-30T17:02:51+00:00</published></entry><entry><id>https://github.com/OWASP/CheatSheetSeries/pull/1160</id><title>Minor modifications to Java cheatsheet</title><updated>2023-07-05T13:22:57+00:00</updated><link href="https://github.com/OWASP/CheatSheetSeries/pull/1160" rel="self"/><link href="https://github.com/OWASP/CheatSheetSeries/pull/1160" rel="alternate"/><published>2023-07-05T13:22:57+00:00</published></entry><entry><id>https://github.com/OWASP/CheatSheetSeries/pull/1161</id><title>Fix points which @szh raised in #1157</title><updated>2023-07-05T12:04:15+00:00</updated><link href="https://github.com/OWASP/CheatSheetSeries/pull/1161" rel="self"/><link href="https://github.com/OWASP/CheatSheetSeries/pull/1161" rel="alternate"/><published>2023-07-05T12:04:15+00:00</published></entry><entry><id>https://github.com/OWASP/CheatSheetSeries/pull/1162</id><title>Fix collapsible labels</title><updated>2023-07-05T13:27:48+00:00</updated><link href="https://github.com/OWASP/CheatSheetSeries/pull/1162" rel="self"/><link href="https://github.com/OWASP/CheatSheetSeries/pull/1162" rel="alternate"/><published>2023-07-05T13:27:48+00:00</published></entry><entry><id>https://github.com/OWASP/CheatSheetSeries/pull/1163</id><title>Update Ruby_on_Rails_Cheat_Sheet.md</title><updated>2023-07-06T13:16:08+00:00</updated><link href="https://github.com/OWASP/CheatSheetSeries/pull/1163" rel="self"/><link href="https://github.com/OWASP/CheatSheetSeries/pull/1163" rel="alternate"/><published>2023-07-06T13:16:08+00:00</published></entry><entry><id>https://github.com/OWASP/CheatSheetSeries/pull/1164</id><title>Replaced dead link in the Key Management Cheat Sheet</title><updated>2023-07-06T13:49:51+00:00</updated><link href="https://github.com/OWASP/CheatSheetSeries/pull/1164" rel="self"/><link href="https://github.com/OWASP/CheatSheetSeries/pull/1164" rel="alternate"/><published>2023-07-06T13:49:51+00:00</published></entry><entry><id>https://github.com/OWASP/CheatSheetSeries/pull/1166</id><title>Bug - Incorrect markdown link in Cloud Arch Sheet </title><updated>2023-07-10T13:30:45+00:00</updated><link href="https://github.com/OWASP/CheatSheetSeries/pull/1166" rel="self"/><link href="https://github.com/OWASP/CheatSheetSeries/pull/1166" rel="alternate"/><published>2023-07-10T13:30:45+00:00</published></entry><entry><id>https://github.com/OWASP/CheatSheetSeries/pull/1167</id><title>Update HTTP_Headers_Cheat_Sheet.md</title><updated>2023-07-10T16:06:58+00:00</updated><link href="https://github.com/OWASP/CheatSheetSeries/pull/1167" rel="self"/><link href="https://github.com/OWASP/CheatSheetSeries/pull/1167" rel="alternate"/><published>2023-07-10T16:06:58+00:00</published></entry><entry><id>https://github.com/OWASP/CheatSheetSeries/pull/1170</id><title>Add reference to Secrets Management CS in Key Storage CS</title><updated>2023-07-12T20:46:32+00:00</updated><link href="https://github.com/OWASP/CheatSheetSeries/pull/1170" rel="self"/><link href="https://github.com/OWASP/CheatSheetSeries/pull/1170" rel="alternate"/><published>2023-07-12T20:46:32+00:00</published></entry><entry><id>https://github.com/OWASP/CheatSheetSeries/pull/1174</id><title>Change entropy security claim</title><updated>2023-07-25T19:28:07+00:00</updated><link href="https://github.com/OWASP/CheatSheetSeries/pull/1174" rel="self"/><link href="https://github.com/OWASP/CheatSheetSeries/pull/1174" rel="alternate"/><published>2023-07-25T19:28:07+00:00</published></entry><entry><id>https://github.com/OWASP/CheatSheetSeries/pull/1177</id><title>Rewrite IDOR cheat sheet</title><updated>2023-07-31T20:05:43+00:00</updated><link href="https://github.com/OWASP/CheatSheetSeries/pull/1177" rel="self"/><link href="https://github.com/OWASP/CheatSheetSeries/pull/1177" rel="alternate"/><published>2023-07-31T20:05:43+00:00</published></entry><entry><id>https://github.com/OWASP/CheatSheetSeries/pull/1181</id><title>Update XML_External_Entity_Prevention_Cheat_Sheet.md</title><updated>2023-08-09T02:54:16+00:00</updated><link href="https://github.com/OWASP/CheatSheetSeries/pull/1181" rel="self"/><link href="https://github.com/OWASP/CheatSheetSeries/pull/1181" rel="alternate"/><published>2023-08-09T02:54:16+00:00</published></entry></feed>